timestamp,P_L_kW,P_PV_kW,c_b,c_s,hour,weekday,is_workday
2016-01-11 17:00,0.481725,0.000000,0.3400,0.0600,17,0,1
2016-01-11 18:00,0.486398,0.000000,0.3400,0.0600,18,0,1
2016-01-11 19:00,0.490500,0.000000,0.3400,0.0600,19,0,1
2016-01-11 20:00,0.422044,0.000000,0.3400,0.0600,20,0,1
2016-01-11 21:00,0.388856,0.000000,0.3400,0.0600,21,0,1
2016-01-11 22:00,0.323881,0.000000,0.1600,0.0600,22,0,1
2016-01-11 23:00,0.268660,0.000000,0.1600,0.0600,23,0,1
2016-01-12 00:00,0.342300,0.000000,0.1600,0.0600,0,1,1
2016-01-12 01:00,0.308187,0.000000,0.1600,0.0600,1,1,1
2016-01-12 02:00,0.279952,0.000000,0.1600,0.0600,2,1,1
2016-01-12 03:00,0.271510,0.000000,0.1600,0.0600,3,1,1
2016-01-12 04:00,0.281421,0.000000,0.1600,0.0600,4,1,1
2016-01-12 05:00,0.365849,0.000000,0.1600,0.0600,5,1,1
2016-01-12 06:00,0.283909,0.000000,0.1600,0.0600,6,1,1
2016-01-12 07:00,0.369306,0.000000,0.2200,0.0600,7,1,1
2016-01-12 08:00,0.419438,0.000300,0.2200,0.0600,8,1,1
2016-01-12 09:00,0.473339,0.010251,0.2200,0.0600,9,1,1
2016-01-12 10:00,0.493568,0.038880,0.2200,0.0600,10,1,1
2016-01-12 11:00,0.510818,0.061959,0.2200,0.0600,11,1,1
2016-01-12 12:00,0.514183,0.068944,0.2200,0.0600,12,1,1
2016-01-12 13:00,0.533974,0.057576,0.2200,0.0600,13,1,1
2016-01-12 14:00,0.519894,0.031708,0.2200,0.0600,14,1,1
2016-01-12 15:00,0.487368,0.005052,0.2200,0.0600,15,1,1
2016-01-12 16:00,0.465486,0.000000,0.2200,0.0600,16,1,1
2016-01-12 17:00,0.487178,0.000000,0.3400,0.0600,17,1,1
2016-01-12 18:00,0.519922,0.000000,0.3400,0.0600,18,1,1
2016-01-12 19:00,0.499501,0.000000,0.3400,0.0600,19,1,1
2016-01-12 20:00,0.428397,0.000000,0.3400,0.0600,20,1,1
2016-01-12 21:00,0.367597,0.000000,0.3400,0.0600,21,1,1
2016-01-12 22:00,0.306714,0.000000,0.1600,0.0600,22,1,1
2016-01-12 23:00,0.292421,0.000000,0.1600,0.0600,23,1,1
2016-01-13 00:00,0.342326,0.000000,0.1600,0.0600,0,2,1
2016-01-13 01:00,0.337073,0.000000,0.1600,0.0600,1,2,1
2016-01-13 02:00,0.335700,0.000000,0.1600,0.0600,2,2,1
2016-01-13 03:00,0.332638,0.000000,0.1600,0.0600,3,2,1
2016-01-13 04:00,0.338690,0.000000,0.1600,0.0600,4,2,1
2016-01-13 05:00,0.381352,0.000000,0.1600,0.0600,5,2,1
2016-01-13 06:00,0.315295,0.000000,0.1600,0.0600,6,2,1
2016-01-13 07:00,0.392842,0.000000,0.2200,0.0600,7,2,1
2016-01-13 08:00,0.474173,0.000271,0.2200,0.0600,8,2,1
2016-01-13 09:00,0.498221,0.009078,0.2200,0.0600,9,2,1
2016-01-13 10:00,0.485929,0.033792,0.2200,0.0600,10,2,1
2016-01-13 11:00,0.497532,0.053651,0.2200,0.0600,11,2,1
2016-01-13 12:00,0.552481,0.059729,0.2200,0.0600,12,2,1
2016-01-13 13:00,0.569174,0.050091,0.2200,0.0600,13,2,1
2016-01-13 14:00,0.547419,0.027942,0.2200,0.0600,14,2,1
2016-01-13 15:00,0.529959,0.004740,0.2200,0.0600,15,2,1
2016-01-13 16:00,0.519341,0.000000,0.2200,0.0600,16,2,1
2016-01-13 17:00,0.507426,0.000000,0.3400,0.0600,17,2,1
2016-01-13 18:00,0.551306,0.000000,0.3400,0.0600,18,2,1
2016-01-13 19:00,0.513639,0.000000,0.3400,0.0600,19,2,1
2016-01-13 20:00,0.493058,0.000000,0.3400,0.0600,20,2,1
2016-01-13 21:00,0.406950,0.000000,0.3400,0.0600,21,2,1
2016-01-13 22:00,0.321407,0.000000,0.1600,0.0600,22,2,1
2016-01-13 23:00,0.238056,0.000000,0.1600,0.0600,23,2,1
2016-01-14 00:00,0.319205,0.000000,0.1600,0.0600,0,3,1
2016-01-14 01:00,0.313134,0.000000,0.1600,0.0600,1,3,1
2016-01-14 02:00,0.310632,0.000000,0.1600,0.0600,2,3,1
2016-01-14 03:00,0.334176,0.000000,0.1600,0.0600,3,3,1
2016-01-14 04:00,0.320961,0.000000,0.1600,0.0600,4,3,1
2016-01-14 05:00,0.361079,0.000000,0.1600,0.0600,5,3,1
2016-01-14 06:00,0.300653,0.000000,0.1600,0.0600,6,3,1
2016-01-14 07:00,0.407758,0.000000,0.2200,0.0600,7,3,1
2016-01-14 08:00,0.486377,0.000286,0.2200,0.0600,8,3,1
2016-01-14 09:00,0.499744,0.009407,0.2200,0.0600,9,3,1
2016-01-14 10:00,0.499023,0.034337,0.2200,0.0600,10,3,1
2016-01-14 11:00,0.491779,0.054300,0.2200,0.0600,11,3,1
2016-01-14 12:00,0.516641,0.060474,0.2200,0.0600,12,3,1
2016-01-14 13:00,0.551417,0.050927,0.2200,0.0600,13,3,1
2016-01-14 14:00,0.541157,0.028772,0.2200,0.0600,14,3,1
2016-01-14 15:00,0.551333,0.005185,0.2200,0.0600,15,3,1
2016-01-14 16:00,0.527964,0.000000,0.2200,0.0600,16,3,1
2016-01-14 17:00,0.481338,0.000000,0.3400,0.0600,17,3,1
2016-01-14 18:00,0.448334,0.000000,0.3400,0.0600,18,3,1
2016-01-14 19:00,0.410401,0.000000,0.3400,0.0600,19,3,1
2016-01-14 20:00,0.384381,0.000000,0.3400,0.0600,20,3,1
2016-01-14 21:00,0.354653,0.000000,0.3400,0.0600,21,3,1
2016-01-14 22:00,0.281054,0.000000,0.1600,0.0600,22,3,1
2016-01-14 23:00,0.250494,0.000000,0.1600,0.0600,23,3,1
2016-01-15 00:00,0.296363,0.000000,0.1600,0.0600,0,4,1
2016-01-15 01:00,0.315492,0.000000,0.1600,0.0600,1,4,1
2016-01-15 02:00,0.271550,0.000000,0.1600,0.0600,2,4,1
2016-01-15 03:00,0.307116,0.000000,0.1600,0.0600,3,4,1
2016-01-15 04:00,0.340841,0.000000,0.1600,0.0600,4,4,1
2016-01-15 05:00,0.377819,0.000000,0.1600,0.0600,5,4,1
2016-01-15 06:00,0.312782,0.000000,0.1600,0.0600,6,4,1
2016-01-15 07:00,0.390037,0.000000,0.2200,0.0600,7,4,1
2016-01-15 08:00,0.438591,0.000319,0.2200,0.0600,8,4,1
2016-01-15 09:00,0.470144,0.010317,0.2200,0.0600,9,4,1
2016-01-15 10:00,0.478544,0.036899,0.2200,0.0600,10,4,1
2016-01-15 11:00,0.513094,0.058106,0.2200,0.0600,11,4,1
2016-01-15 12:00,0.543045,0.064731,0.2200,0.0600,12,4,1
2016-01-15 13:00,0.544962,0.054734,0.2200,0.0600,13,4,1
2016-01-15 14:00,0.514127,0.031314,0.2200,0.0600,14,4,1
2016-01-15 15:00,0.525694,0.005984,0.2200,0.0600,15,4,1
2016-01-15 16:00,0.516299,0.000024,0.2200,0.0600,16,4,1
2016-01-15 17:00,0.507600,0.000000,0.3400,0.0600,17,4,1
2016-01-15 18:00,0.525535,0.000000,0.3400,0.0600,18,4,1
2016-01-15 19:00,0.480710,0.000000,0.3400,0.0600,19,4,1
2016-01-15 20:00,0.434634,0.000000,0.3400,0.0600,20,4,1
2016-01-15 21:00,0.362694,0.000000,0.3400,0.0600,21,4,1
2016-01-15 22:00,0.270022,0.000000,0.1600,0.0600,22,4,1
2016-01-15 23:00,0.238780,0.000000,0.1600,0.0600,23,4,1
2016-01-16 00:00,0.364979,0.000000,0.2000,0.0600,0,5,0
2016-01-16 01:00,0.375261,0.000000,0.2000,0.0600,1,5,0
2016-01-16 02:00,0.382811,0.000000,0.2000,0.0600,2,5,0
2016-01-16 03:00,0.374769,0.000000,0.2000,0.0600,3,5,0
2016-01-16 04:00,0.378805,0.000000,0.2000,0.0600,4,5,0
2016-01-16 05:00,0.416918,0.000000,0.2000,0.0600,5,5,0
2016-01-16 06:00,0.335845,0.000000,0.2000,0.0600,6,5,0
2016-01-16 07:00,0.427784,0.000000,0.2000,0.0600,7,5,0
2016-01-16 08:00,0.487916,0.000290,0.2000,0.0600,8,5,0
2016-01-16 09:00,0.510445,0.009224,0.2000,0.0600,9,5,0
2016-01-16 10:00,0.500303,0.032304,0.2000,0.0600,10,5,0
2016-01-16 11:00,0.512639,0.050644,0.2000,0.0600,11,5,0
2016-01-16 12:00,0.561598,0.056428,0.2000,0.0600,12,5,0
2016-01-16 13:00,0.577222,0.047905,0.2000,0.0600,13,5,0
2016-01-16 14:00,0.576966,0.027748,0.2000,0.0600,14,5,0
2016-01-16 15:00,0.537173,0.005612,0.2000,0.0600,15,5,0
2016-01-16 16:00,0.552843,0.000051,0.2000,0.0600,16,5,0
2016-01-16 17:00,0.529345,0.000000,0.2000,0.0600,17,5,0
2016-01-16 18:00,0.541570,0.000000,0.2000,0.0600,18,5,0
2016-01-16 19:00,0.543093,0.000000,0.2000,0.0600,19,5,0
2016-01-16 20:00,0.466286,0.000000,0.2000,0.0600,20,5,0
2016-01-16 21:00,0.395591,0.000000,0.2000,0.0600,21,5,0
2016-01-16 22:00,0.385305,0.000000,0.2000,0.0600,22,5,0
2016-01-16 23:00,0.337655,0.000000,0.2000,0.0600,23,5,0
2016-01-17 00:00,0.373957,0.000000,0.2000,0.0600,0,6,0
2016-01-17 01:00,0.396627,0.000000,0.2000,0.0600,1,6,0
2016-01-17 02:00,0.374245,0.000000,0.2000,0.0600,2,6,0
2016-01-17 03:00,0.387334,0.000000,0.2000,0.0600,3,6,0
2016-01-17 04:00,0.399040,0.000000,0.2000,0.0600,4,6,0
2016-01-17 05:00,0.438365,0.000000,0.2000,0.0600,5,6,0
2016-01-17 06:00,0.390963,0.000000,0.2000,0.0600,6,6,0
2016-01-17 07:00,0.429623,0.000000,0.2000,0.0600,7,6,0
2016-01-17 08:00,0.519483,0.000374,0.2000,0.0600,8,6,0
2016-01-17 09:00,0.542826,0.011736,0.2000,0.0600,9,6,0
2016-01-17 10:00,0.555592,0.040228,0.2000,0.0600,10,6,0
2016-01-17 11:00,0.544305,0.062773,0.2000,0.0600,11,6,0
2016-01-17 12:00,0.554221,0.069947,0.2000,0.0600,12,6,0
2016-01-17 13:00,0.536992,0.059617,0.2000,0.0600,13,6,0
2016-01-17 14:00,0.568176,0.034956,0.2000,0.0600,14,6,0
2016-01-17 15:00,0.549085,0.007465,0.2000,0.0600,15,6,0
2016-01-17 16:00,0.528747,0.000101,0.2000,0.0600,16,6,0
2016-01-17 17:00,0.555659,0.000000,0.2000,0.0600,17,6,0
2016-01-17 18:00,0.566347,0.000000,0.2000,0.0600,18,6,0
2016-01-17 19:00,0.509300,0.000000,0.2000,0.0600,19,6,0
2016-01-17 20:00,0.463068,0.000000,0.2000,0.0600,20,6,0
2016-01-17 21:00,0.409990,0.000000,0.2000,0.0600,21,6,0
2016-01-17 22:00,0.378909,0.000000,0.2000,0.0600,22,6,0
2016-01-17 23:00,0.308578,0.000000,0.2000,0.0600,23,6,0
2016-01-18 00:00,0.321384,0.000000,0.1600,0.0600,0,0,1
2016-01-18 01:00,0.324403,0.000000,0.1600,0.0600,1,0,1
2016-01-18 02:00,0.331395,0.000000,0.1600,0.0600,2,0,1
2016-01-18 03:00,0.308881,0.000000,0.1600,0.0600,3,0,1
2016-01-18 04:00,0.328970,0.000000,0.1600,0.0600,4,0,1
2016-01-18 05:00,0.366331,0.000000,0.1600,0.0600,5,0,1
2016-01-18 06:00,0.317189,0.000000,0.1600,0.0600,6,0,1
2016-01-18 07:00,0.392924,0.000000,0.2200,0.0600,7,0,1
2016-01-18 08:00,0.458860,0.000295,0.2200,0.0600,8,0,1
2016-01-18 09:00,0.488758,0.009147,0.2200,0.0600,9,0,1
2016-01-18 10:00,0.505807,0.030670,0.2200,0.0600,10,0,1
2016-01-18 11:00,0.476581,0.047627,0.2200,0.0600,11,0,1
2016-01-18 12:00,0.519236,0.053068,0.2200,0.0600,12,0,1
2016-01-18 13:00,0.514732,0.045405,0.2200,0.0600,13,0,1
2016-01-18 14:00,0.524927,0.026944,0.2200,0.0600,14,0,1
2016-01-18 15:00,0.509242,0.006065,0.2200,0.0600,15,0,1
2016-01-18 16:00,0.489045,0.000104,0.2200,0.0600,16,0,1
2016-01-18 17:00,0.467064,0.000000,0.3400,0.0600,17,0,1
2016-01-18 18:00,0.521007,0.000000,0.3400,0.0600,18,0,1
2016-01-18 19:00,0.484256,0.000000,0.3400,0.0600,19,0,1
2016-01-18 20:00,0.453400,0.000000,0.3400,0.0600,20,0,1
2016-01-18 21:00,0.379554,0.000000,0.3400,0.0600,21,0,1
2016-01-18 22:00,0.321609,0.000000,0.1600,0.0600,22,0,1
2016-01-18 23:00,0.265194,0.000000,0.1600,0.0600,23,0,1
2016-01-19 00:00,0.366830,0.000000,0.1600,0.0600,0,1,1
2016-01-19 01:00,0.358338,0.000000,0.1600,0.0600,1,1,1
2016-01-19 02:00,0.363195,0.000000,0.1600,0.0600,2,1,1
2016-01-19 03:00,0.358976,0.000000,0.1600,0.0600,3,1,1
2016-01-19 04:00,0.351846,0.000000,0.1600,0.0600,4,1,1
2016-01-19 05:00,0.382178,0.000000,0.1600,0.0600,5,1,1
2016-01-19 06:00,0.338184,0.000000,0.1600,0.0600,6,1,1
2016-01-19 07:00,0.401214,0.000000,0.2200,0.0600,7,1,1
2016-01-19 08:00,0.485944,0.000389,0.2200,0.0600,8,1,1
2016-01-19 09:00,0.516958,0.011926,0.2200,0.0600,9,1,1
2016-01-19 10:00,0.506096,0.039101,0.2200,0.0600,10,1,1
2016-01-19 11:00,0.517224,0.060416,0.2200,0.0600,11,1,1
2016-01-19 12:00,0.541551,0.067310,0.2200,0.0600,12,1,1
2016-01-19 13:00,0.540446,0.057808,0.2200,0.0600,13,1,1
2016-01-19 14:00,0.525019,0.034711,0.2200,0.0600,14,1,1
2016-01-19 15:00,0.528222,0.008218,0.2200,0.0600,15,1,1
2016-01-19 16:00,0.517072,0.000167,0.2200,0.0600,16,1,1
2016-01-19 17:00,0.509746,0.000000,0.3400,0.0600,17,1,1
2016-01-19 18:00,0.504777,0.000000,0.3400,0.0600,18,1,1
2016-01-19 19:00,0.476537,0.000000,0.3400,0.0600,19,1,1
2016-01-19 20:00,0.399340,0.000000,0.3400,0.0600,20,1,1
2016-01-19 21:00,0.350654,0.000000,0.3400,0.0600,21,1,1
2016-01-19 22:00,0.289646,0.000000,0.1600,0.0600,22,1,1
2016-01-19 23:00,0.240497,0.000000,0.1600,0.0600,23,1,1
2016-01-20 00:00,0.335858,0.000000,0.1600,0.0600,0,2,1
2016-01-20 01:00,0.336274,0.000000,0.1600,0.0600,1,2,1
2016-01-20 02:00,0.346711,0.000000,0.1600,0.0600,2,2,1
2016-01-20 03:00,0.337783,0.000000,0.1600,0.0600,3,2,1
2016-01-20 04:00,0.357147,0.000000,0.1600,0.0600,4,2,1
2016-01-20 05:00,0.377979,0.000000,0.1600,0.0600,5,2,1
2016-01-20 06:00,0.299648,0.000000,0.1600,0.0600,6,2,1
2016-01-20 07:00,0.414208,0.000000,0.2200,0.0600,7,2,1
2016-01-20 08:00,0.493197,0.000488,0.2200,0.0600,8,2,1
2016-01-20 09:00,0.494917,0.014806,0.2200,0.0600,9,2,1
2016-01-20 10:00,0.473630,0.047451,0.2200,0.0600,10,2,1
2016-01-20 11:00,0.513403,0.072939,0.2200,0.0600,11,2,1
2016-01-20 12:00,0.552320,0.081245,0.2200,0.0600,12,2,1
2016-01-20 13:00,0.563260,0.070033,0.2200,0.0600,13,2,1
2016-01-20 14:00,0.539952,0.042540,0.2200,0.0600,14,2,1
2016-01-20 15:00,0.521711,0.010572,0.2200,0.0600,15,2,1
2016-01-20 16:00,0.476826,0.000242,0.2200,0.0600,16,2,1
2016-01-20 17:00,0.490169,0.000000,0.3400,0.0600,17,2,1
2016-01-20 18:00,0.501363,0.000000,0.3400,0.0600,18,2,1
2016-01-20 19:00,0.477225,0.000000,0.3400,0.0600,19,2,1
2016-01-20 20:00,0.389578,0.000000,0.3400,0.0600,20,2,1
2016-01-20 21:00,0.347574,0.000000,0.3400,0.0600,21,2,1
2016-01-20 22:00,0.279109,0.000000,0.1600,0.0600,22,2,1
2016-01-20 23:00,0.249252,0.000000,0.1600,0.0600,23,2,1
2016-01-21 00:00,0.360431,0.000000,0.1600,0.0600,0,3,1
2016-01-21 01:00,0.398153,0.000000,0.1600,0.0600,1,3,1
2016-01-21 02:00,0.379523,0.000000,0.1600,0.0600,2,3,1
2016-01-21 03:00,0.413510,0.000000,0.1600,0.0600,3,3,1
2016-01-21 04:00,0.378851,0.000000,0.1600,0.0600,4,3,1
2016-01-21 05:00,0.405224,0.000000,0.1600,0.0600,5,3,1
2016-01-21 06:00,0.327930,0.000000,0.1600,0.0600,6,3,1
2016-01-21 07:00,0.398902,0.000000,0.2200,0.0600,7,3,1
2016-01-21 08:00,0.456510,0.000371,0.2200,0.0600,8,3,1
2016-01-21 09:00,0.485897,0.011136,0.2200,0.0600,9,3,1
2016-01-21 10:00,0.487801,0.034881,0.2200,0.0600,10,3,1
2016-01-21 11:00,0.541872,0.053333,0.2200,0.0600,11,3,1
2016-01-21 12:00,0.590748,0.059388,0.2200,0.0600,12,3,1
2016-01-21 13:00,0.569316,0.051377,0.2200,0.0600,13,3,1
2016-01-21 14:00,0.559697,0.031562,0.2200,0.0600,14,3,1
2016-01-21 15:00,0.537522,0.008218,0.2200,0.0600,15,3,1
2016-01-21 16:00,0.468947,0.000205,0.2200,0.0600,16,3,1
2016-01-21 17:00,0.459892,0.000000,0.3400,0.0600,17,3,1
2016-01-21 18:00,0.461485,0.000000,0.3400,0.0600,18,3,1
2016-01-21 19:00,0.423643,0.000000,0.3400,0.0600,19,3,1
2016-01-21 20:00,0.398039,0.000000,0.3400,0.0600,20,3,1
2016-01-21 21:00,0.333671,0.000000,0.3400,0.0600,21,3,1
2016-01-21 22:00,0.253638,0.000000,0.1600,0.0600,22,3,1
2016-01-21 23:00,0.229351,0.000000,0.1600,0.0600,23,3,1
2016-01-22 00:00,0.354811,0.000000,0.1600,0.0600,0,4,1
2016-01-22 01:00,0.345848,0.000000,0.1600,0.0600,1,4,1
2016-01-22 02:00,0.338641,0.000000,0.1600,0.0600,2,4,1
2016-01-22 03:00,0.332992,0.000000,0.1600,0.0600,3,4,1
2016-01-22 04:00,0.363125,0.000000,0.1600,0.0600,4,4,1
2016-01-22 05:00,0.375806,0.000000,0.1600,0.0600,5,4,1
2016-01-22 06:00,0.328674,0.000000,0.1600,0.0600,6,4,1
2016-01-22 07:00,0.417017,0.000000,0.2200,0.0600,7,4,1
2016-01-22 08:00,0.488960,0.000579,0.2200,0.0600,8,4,1
2016-01-22 09:00,0.470277,0.017281,0.2200,0.0600,9,4,1
2016-01-22 10:00,0.478049,0.052895,0.2200,0.0600,10,4,1
2016-01-22 11:00,0.504945,0.080436,0.2200,0.0600,11,4,1
2016-01-22 12:00,0.541495,0.089534,0.2200,0.0600,12,4,1
2016-01-22 13:00,0.564634,0.077727,0.2200,0.0600,13,4,1
2016-01-22 14:00,0.556694,0.048280,0.2200,0.0600,14,4,1
2016-01-22 15:00,0.513733,0.013147,0.2200,0.0600,15,4,1
2016-01-22 16:00,0.523479,0.000352,0.2200,0.0600,16,4,1
2016-01-22 17:00,0.491310,0.000000,0.3400,0.0600,17,4,1
2016-01-22 18:00,0.489128,0.000000,0.3400,0.0600,18,4,1
2016-01-22 19:00,0.450841,0.000000,0.3400,0.0600,19,4,1
2016-01-22 20:00,0.403379,0.000000,0.3400,0.0600,20,4,1
2016-01-22 21:00,0.331779,0.000000,0.3400,0.0600,21,4,1
2016-01-22 22:00,0.266024,0.000000,0.1600,0.0600,22,4,1
2016-01-22 23:00,0.248685,0.000000,0.1600,0.0600,23,4,1
2016-01-23 00:00,0.411857,0.000000,0.2000,0.0600,0,5,0
2016-01-23 01:00,0.389277,0.000000,0.2000,0.0600,1,5,0
2016-01-23 02:00,0.387689,0.000000,0.2000,0.0600,2,5,0
2016-01-23 03:00,0.411146,0.000000,0.2000,0.0600,3,5,0
2016-01-23 04:00,0.394592,0.000000,0.2000,0.0600,4,5,0
2016-01-23 05:00,0.420999,0.000000,0.2000,0.0600,5,5,0
2016-01-23 06:00,0.369257,0.000000,0.2000,0.0600,6,5,0
2016-01-23 07:00,0.449370,0.000000,0.2000,0.0600,7,5,0
2016-01-23 08:00,0.544269,0.000616,0.2000,0.0600,8,5,0
2016-01-23 09:00,0.539328,0.018267,0.2000,0.0600,9,5,0
2016-01-23 10:00,0.529561,0.054633,0.2000,0.0600,10,5,0
2016-01-23 11:00,0.517815,0.082620,0.2000,0.0600,11,5,0
2016-01-23 12:00,0.527419,0.091921,0.2000,0.0600,12,5,0
2016-01-23 13:00,0.554576,0.080071,0.2000,0.0600,13,5,0
2016-01-23 14:00,0.557962,0.050276,0.2000,0.0600,14,5,0
2016-01-23 15:00,0.556205,0.014291,0.2000,0.0600,15,5,0
2016-01-23 16:00,0.552364,0.000404,0.2000,0.0600,16,5,0
2016-01-23 17:00,0.536175,0.000000,0.2000,0.0600,17,5,0
2016-01-23 18:00,0.519909,0.000000,0.2000,0.0600,18,5,0
2016-01-23 19:00,0.507607,0.000000,0.2000,0.0600,19,5,0
2016-01-23 20:00,0.461814,0.000000,0.2000,0.0600,20,5,0
2016-01-23 21:00,0.429604,0.000000,0.2000,0.0600,21,5,0
2016-01-23 22:00,0.381668,0.000000,0.2000,0.0600,22,5,0
2016-01-23 23:00,0.351226,0.000000,0.2000,0.0600,23,5,0
2016-01-24 00:00,0.403782,0.000000,0.2000,0.0600,0,6,0
2016-01-24 01:00,0.403848,0.000000,0.2000,0.0600,1,6,0
2016-01-24 02:00,0.405520,0.000000,0.2000,0.0600,2,6,0
2016-01-24 03:00,0.408887,0.000000,0.2000,0.0600,3,6,0
2016-01-24 04:00,0.411614,0.000000,0.2000,0.0600,4,6,0
2016-01-24 05:00,0.458652,0.000000,0.2000,0.0600,5,6,0
2016-01-24 06:00,0.409704,0.000000,0.2000,0.0600,6,6,0
2016-01-24 07:00,0.464196,0.000000,0.2000,0.0600,7,6,0
2016-01-24 08:00,0.531552,0.000524,0.2000,0.0600,8,6,0
2016-01-24 09:00,0.530457,0.015462,0.2000,0.0600,9,6,0
2016-01-24 10:00,0.524953,0.045186,0.2000,0.0600,10,6,0
2016-01-24 11:00,0.533999,0.067949,0.2000,0.0600,11,6,0
2016-01-24 12:00,0.594698,0.075558,0.2000,0.0600,12,6,0
2016-01-24 13:00,0.632373,0.066035,0.2000,0.0600,13,6,0
2016-01-24 14:00,0.591447,0.041902,0.2000,0.0600,14,6,0
2016-01-24 15:00,0.563041,0.012411,0.2000,0.0600,15,6,0
2016-01-24 16:00,0.516444,0.000366,0.2000,0.0600,16,6,0
2016-01-24 17:00,0.544386,0.000000,0.2000,0.0600,17,6,0
2016-01-24 18:00,0.537899,0.000000,0.2000,0.0600,18,6,0
2016-01-24 19:00,0.513738,0.000000,0.2000,0.0600,19,6,0
2016-01-24 20:00,0.475530,0.000000,0.2000,0.0600,20,6,0
2016-01-24 21:00,0.396620,0.000000,0.2000,0.0600,21,6,0
2016-01-24 22:00,0.358115,0.000000,0.2000,0.0600,22,6,0
2016-01-24 23:00,0.323293,0.000000,0.2000,0.0600,23,6,0
2016-01-25 00:00,0.360158,0.000000,0.1600,0.0600,0,0,1
2016-01-25 01:00,0.347369,0.000000,0.1600,0.0600,1,0,1
2016-01-25 02:00,0.306983,0.000000,0.1600,0.0600,2,0,1
2016-01-25 03:00,0.301884,0.000000,0.1600,0.0600,3,0,1
2016-01-25 04:00,0.302700,0.000000,0.1600,0.0600,4,0,1
2016-01-25 05:00,0.342341,0.000000,0.1600,0.0600,5,0,1
2016-01-25 06:00,0.306190,0.000000,0.1600,0.0600,6,0,1
2016-01-25 07:00,0.377313,0.000000,0.2200,0.0600,7,0,1
2016-01-25 08:00,0.446790,0.000494,0.2200,0.0600,8,0,1
2016-01-25 09:00,0.473252,0.014516,0.2200,0.0600,9,0,1
2016-01-25 10:00,0.454779,0.041454,0.2200,0.0600,10,0,1
2016-01-25 11:00,0.490714,0.061980,0.2200,0.0600,11,0,1
2016-01-25 12:00,0.540933,0.068878,0.2200,0.0600,12,0,1
2016-01-25 13:00,0.541757,0.060391,0.2200,0.0600,13,0,1
2016-01-25 14:00,0.550381,0.038716,0.2200,0.0600,14,0,1
2016-01-25 15:00,0.496168,0.011929,0.2200,0.0600,15,0,1
2016-01-25 16:00,0.492468,0.000363,0.2200,0.0600,16,0,1
2016-01-25 17:00,0.475361,0.000000,0.3400,0.0600,17,0,1
2016-01-25 18:00,0.494519,0.000000,0.3400,0.0600,18,0,1
2016-01-25 19:00,0.457498,0.000000,0.3400,0.0600,19,0,1
2016-01-25 20:00,0.414041,0.000000,0.3400,0.0600,20,0,1
2016-01-25 21:00,0.351033,0.000000,0.3400,0.0600,21,0,1
2016-01-25 22:00,0.287091,0.000000,0.1600,0.0600,22,0,1
2016-01-25 23:00,0.246227,0.000000,0.1600,0.0600,23,0,1
2016-01-26 00:00,0.300525,0.000000,0.1600,0.0600,0,1,1
2016-01-26 01:00,0.311222,0.000000,0.1600,0.0600,1,1,1
2016-01-26 02:00,0.320381,0.000000,0.1600,0.0600,2,1,1
2016-01-26 03:00,0.337005,0.000000,0.1600,0.0600,3,1,1
2016-01-26 04:00,0.340512,0.000000,0.1600,0.0600,4,1,1
2016-01-26 05:00,0.371122,0.000000,0.1600,0.0600,5,1,1
2016-01-26 06:00,0.309819,0.000000,0.1600,0.0600,6,1,1
2016-01-26 07:00,0.388268,0.000000,0.2200,0.0600,7,1,1
2016-01-26 08:00,0.482766,0.000483,0.2200,0.0600,8,1,1
2016-01-26 09:00,0.501542,0.014156,0.2200,0.0600,9,1,1
2016-01-26 10:00,0.538197,0.039505,0.2200,0.0600,10,1,1
2016-01-26 11:00,0.547306,0.058727,0.2200,0.0600,11,1,1
2016-01-26 12:00,0.570724,0.065218,0.2200,0.0600,12,1,1
2016-01-26 13:00,0.567288,0.057359,0.2200,0.0600,13,1,1
2016-01-26 14:00,0.567579,0.037141,0.2200,0.0600,14,1,1
2016-01-26 15:00,0.533023,0.011884,0.2200,0.0600,15,1,1
2016-01-26 16:00,0.539491,0.000371,0.2200,0.0600,16,1,1
2016-01-26 17:00,0.548840,0.000000,0.3400,0.0600,17,1,1
2016-01-26 18:00,0.508417,0.000000,0.3400,0.0600,18,1,1
2016-01-26 19:00,0.492782,0.000000,0.3400,0.0600,19,1,1
2016-01-26 20:00,0.429492,0.000000,0.3400,0.0600,20,1,1
2016-01-26 21:00,0.340972,0.000000,0.3400,0.0600,21,1,1
2016-01-26 22:00,0.256578,0.000000,0.1600,0.0600,22,1,1
2016-01-26 23:00,0.225323,0.000000,0.1600,0.0600,23,1,1
2016-01-27 00:00,0.290715,0.000000,0.1600,0.0600,0,2,1
2016-01-27 01:00,0.286023,0.000000,0.1600,0.0600,1,2,1
2016-01-27 02:00,0.288258,0.000000,0.1600,0.0600,2,2,1
2016-01-27 03:00,0.322236,0.000000,0.1600,0.0600,3,2,1
2016-01-27 04:00,0.334723,0.000000,0.1600,0.0600,4,2,1
2016-01-27 05:00,0.352317,0.000000,0.1600,0.0600,5,2,1
2016-01-27 06:00,0.272648,0.000000,0.1600,0.0600,6,2,1
2016-01-27 07:00,0.384780,0.000000,0.2200,0.0600,7,2,1
2016-01-27 08:00,0.468066,0.000529,0.2200,0.0600,8,2,1
2016-01-27 09:00,0.456025,0.015469,0.2200,0.0600,9,2,1
2016-01-27 10:00,0.469735,0.042197,0.2200,0.0600,10,2,1
2016-01-27 11:00,0.506493,0.062363,0.2200,0.0600,11,2,1
2016-01-27 12:00,0.528048,0.069204,0.2200,0.0600,12,2,1
2016-01-27 13:00,0.555675,0.061048,0.2200,0.0600,13,2,1
2016-01-27 14:00,0.523238,0.039917,0.2200,0.0600,14,2,1
2016-01-27 15:00,0.508215,0.013243,0.2200,0.0600,15,2,1
2016-01-27 16:00,0.492711,0.000422,0.2200,0.0600,16,2,1
2016-01-27 17:00,0.454095,0.000000,0.3400,0.0600,17,2,1
2016-01-27 18:00,0.491892,0.000000,0.3400,0.0600,18,2,1
2016-01-27 19:00,0.469562,0.000000,0.3400,0.0600,19,2,1
2016-01-27 20:00,0.423169,0.000000,0.3400,0.0600,20,2,1
2016-01-27 21:00,0.355504,0.000000,0.3400,0.0600,21,2,1
2016-01-27 22:00,0.264397,0.000000,0.1600,0.0600,22,2,1
2016-01-27 23:00,0.216975,0.000000,0.1600,0.0600,23,2,1
2016-01-28 00:00,0.307971,0.000000,0.1600,0.0600,0,3,1
2016-01-28 01:00,0.282444,0.000000,0.1600,0.0600,1,3,1
2016-01-28 02:00,0.325532,0.000000,0.1600,0.0600,2,3,1
2016-01-28 03:00,0.326509,0.000000,0.1600,0.0600,3,3,1
2016-01-28 04:00,0.342880,0.000000,0.1600,0.0600,4,3,1
2016-01-28 05:00,0.392158,0.000000,0.1600,0.0600,5,3,1
2016-01-28 06:00,0.336247,0.000000,0.1600,0.0600,6,3,1
2016-01-28 07:00,0.425254,0.000000,0.2200,0.0600,7,3,1
2016-01-28 08:00,0.486290,0.000542,0.2200,0.0600,8,3,1
2016-01-28 09:00,0.484843,0.015828,0.2200,0.0600,9,3,1
2016-01-28 10:00,0.494778,0.042211,0.2200,0.0600,10,3,1
2016-01-28 11:00,0.510275,0.062018,0.2200,0.0600,11,3,1
2016-01-28 12:00,0.526460,0.068766,0.2200,0.0600,12,3,1
2016-01-28 13:00,0.538616,0.060838,0.2200,0.0600,13,3,1
2016-01-28 14:00,0.598085,0.040158,0.2200,0.0600,14,3,1
2016-01-28 15:00,0.597467,0.013792,0.2200,0.0600,15,3,1
2016-01-28 16:00,0.541669,0.000446,0.2200,0.0600,16,3,1
2016-01-28 17:00,0.510602,0.000000,0.3400,0.0600,17,3,1
2016-01-28 18:00,0.495112,0.000000,0.3400,0.0600,18,3,1
2016-01-28 19:00,0.479401,0.000000,0.3400,0.0600,19,3,1
2016-01-28 20:00,0.426966,0.000000,0.3400,0.0600,20,3,1
2016-01-28 21:00,0.330400,0.000000,0.3400,0.0600,21,3,1
2016-01-28 22:00,0.250144,0.000000,0.1600,0.0600,22,3,1
2016-01-28 23:00,0.184715,0.000000,0.1600,0.0600,23,3,1
2016-01-29 00:00,0.264027,0.000000,0.1600,0.0600,0,4,1
2016-01-29 01:00,0.276469,0.000000,0.1600,0.0600,1,4,1
2016-01-29 02:00,0.298623,0.000000,0.1600,0.0600,2,4,1
2016-01-29 03:00,0.299227,0.000000,0.1600,0.0600,3,4,1
2016-01-29 04:00,0.309839,0.000000,0.1600,0.0600,4,4,1
2016-01-29 05:00,0.367076,0.000000,0.1600,0.0600,5,4,1
2016-01-29 06:00,0.292571,0.000000,0.1600,0.0600,6,4,1
2016-01-29 07:00,0.384861,0.000000,0.2200,0.0600,7,4,1
2016-01-29 08:00,0.466003,0.000760,0.2200,0.0600,8,4,1
2016-01-29 09:00,0.510452,0.022202,0.2200,0.0600,9,4,1
2016-01-29 10:00,0.529061,0.057899,0.2200,0.0600,10,4,1
2016-01-29 11:00,0.548492,0.084567,0.2200,0.0600,11,4,1
2016-01-29 12:00,0.564410,0.093687,0.2200,0.0600,12,4,1
2016-01-29 13:00,0.568157,0.083120,0.2200,0.0600,13,4,1
2016-01-29 14:00,0.543194,0.055371,0.2200,0.0600,14,4,1
2016-01-29 15:00,0.508236,0.019658,0.2200,0.0600,15,4,1
2016-01-29 16:00,0.492131,0.000643,0.2200,0.0600,16,4,1
2016-01-29 17:00,0.474468,0.000000,0.3400,0.0600,17,4,1
2016-01-29 18:00,0.491592,0.000000,0.3400,0.0600,18,4,1
2016-01-29 19:00,0.449260,0.000000,0.3400,0.0600,19,4,1
2016-01-29 20:00,0.421376,0.000000,0.3400,0.0600,20,4,1
2016-01-29 21:00,0.361578,0.000000,0.3400,0.0600,21,4,1
2016-01-29 22:00,0.270980,0.000000,0.1600,0.0600,22,4,1
2016-01-29 23:00,0.234931,0.000000,0.1600,0.0600,23,4,1
2016-01-30 00:00,0.363599,0.000000,0.2000,0.0600,0,5,0
2016-01-30 01:00,0.348185,0.000000,0.2000,0.0600,1,5,0
2016-01-30 02:00,0.344849,0.000000,0.2000,0.0600,2,5,0
2016-01-30 03:00,0.352749,0.000000,0.2000,0.0600,3,5,0
2016-01-30 04:00,0.417108,0.000000,0.2000,0.0600,4,5,0
2016-01-30 05:00,0.435813,0.000000,0.2000,0.0600,5,5,0
2016-01-30 06:00,0.389568,0.000000,0.2000,0.0600,6,5,0
2016-01-30 07:00,0.440059,0.000000,0.2000,0.0600,7,5,0
2016-01-30 08:00,0.545694,0.000842,0.2000,0.0600,8,5,0
2016-01-30 09:00,0.534052,0.024645,0.2000,0.0600,9,5,0
2016-01-30 10:00,0.522265,0.062865,0.2000,0.0600,10,5,0
2016-01-30 11:00,0.554215,0.091277,0.2000,0.0600,11,5,0
2016-01-30 12:00,0.581167,0.101027,0.2000,0.0600,12,5,0
2016-01-30 13:00,0.571998,0.089876,0.2000,0.0600,13,5,0
2016-01-30 14:00,0.561604,0.060409,0.2000,0.0600,14,5,0
2016-01-30 15:00,0.550955,0.022138,0.2000,0.0600,15,5,0
2016-01-30 16:00,0.566841,0.000730,0.2000,0.0600,16,5,0
2016-01-30 17:00,0.544892,0.000000,0.2000,0.0600,17,5,0
2016-01-30 18:00,0.560159,0.000000,0.2000,0.0600,18,5,0
2016-01-30 19:00,0.548495,0.000000,0.2000,0.0600,19,5,0
2016-01-30 20:00,0.462386,0.000000,0.2000,0.0600,20,5,0
2016-01-30 21:00,0.392996,0.000000,0.2000,0.0600,21,5,0
2016-01-30 22:00,0.306480,0.000000,0.2000,0.0600,22,5,0
2016-01-30 23:00,0.311020,0.000000,0.2000,0.0600,23,5,0
2016-01-31 00:00,0.379516,0.000000,0.2000,0.0600,0,6,0
2016-01-31 01:00,0.382876,0.000000,0.2000,0.0600,1,6,0
2016-01-31 02:00,0.363522,0.000000,0.2000,0.0600,2,6,0
2016-01-31 03:00,0.382876,0.000000,0.2000,0.0600,3,6,0
2016-01-31 04:00,0.418289,0.000000,0.2000,0.0600,4,6,0
2016-01-31 05:00,0.401020,0.000000,0.2000,0.0600,5,6,0
2016-01-31 06:00,0.359231,0.000000,0.2000,0.0600,6,6,0
2016-01-31 07:00,0.438850,0.000000,0.2000,0.0600,7,6,0
2016-01-31 08:00,0.515955,0.000918,0.2000,0.0600,8,6,0
2016-01-31 09:00,0.530046,0.026919,0.2000,0.0600,9,6,0
2016-01-31 10:00,0.519550,0.067188,0.2000,0.0600,10,6,0
2016-01-31 11:00,0.527228,0.096978,0.2000,0.0600,11,6,0
2016-01-31 12:00,0.579559,0.107233,0.2000,0.0600,12,6,0
2016-01-31 13:00,0.607461,0.095646,0.2000,0.0600,13,6,0
2016-01-31 14:00,0.580675,0.064846,0.2000,0.0600,14,6,0
2016-01-31 15:00,0.559065,0.024496,0.2000,0.0600,15,6,0
2016-01-31 16:00,0.521871,0.000812,0.2000,0.0600,16,6,0
2016-01-31 17:00,0.521815,0.000000,0.2000,0.0600,17,6,0
2016-01-31 18:00,0.543149,0.000000,0.2000,0.0600,18,6,0
2016-01-31 19:00,0.494441,0.000000,0.2000,0.0600,19,6,0
2016-01-31 20:00,0.448134,0.000000,0.2000,0.0600,20,6,0
2016-01-31 21:00,0.396763,0.000000,0.2000,0.0600,21,6,0
2016-01-31 22:00,0.333402,0.000000,0.2000,0.0600,22,6,0
2016-01-31 23:00,0.281651,0.000000,0.2000,0.0600,23,6,0
2016-02-01 00:00,0.297742,0.000000,0.1600,0.0600,0,0,1
2016-02-01 01:00,0.306376,0.000000,0.1600,0.0600,1,0,1
2016-02-01 02:00,0.281879,0.000000,0.1600,0.0600,2,0,1
2016-02-01 03:00,0.308395,0.000000,0.1600,0.0600,3,0,1
2016-02-01 04:00,0.277750,0.000000,0.1600,0.0600,4,0,1
2016-02-01 05:00,0.317951,0.000000,0.1600,0.0600,5,0,1
2016-02-01 06:00,0.295751,0.000000,0.1600,0.0600,6,0,1
2016-02-01 07:00,0.390008,0.000000,0.2200,0.0600,7,0,1
2016-02-01 08:00,0.470539,0.000656,0.2200,0.0600,8,0,1
2016-02-01 09:00,0.505522,0.019284,0.2200,0.0600,9,0,1
2016-02-01 10:00,0.508681,0.047110,0.2200,0.0600,10,0,1
2016-02-01 11:00,0.528027,0.067597,0.2200,0.0600,11,0,1
2016-02-01 12:00,0.539326,0.074669,0.2200,0.0600,12,0,1
2016-02-01 13:00,0.567017,0.066768,0.2200,0.0600,13,0,1
2016-02-01 14:00,0.553746,0.045649,0.2200,0.0600,14,0,1
2016-02-01 15:00,0.510679,0.017753,0.2200,0.0600,15,0,1
2016-02-01 16:00,0.504135,0.000591,0.2200,0.0600,16,0,1
2016-02-01 17:00,0.455541,0.000000,0.3400,0.0600,17,0,1
2016-02-01 18:00,0.467747,0.000000,0.3400,0.0600,18,0,1
2016-02-01 19:00,0.445261,0.000000,0.3400,0.0600,19,0,1
2016-02-01 20:00,0.403114,0.000000,0.3400,0.0600,20,0,1
2016-02-01 21:00,0.332443,0.000000,0.3400,0.0600,21,0,1
2016-02-01 22:00,0.259184,0.000000,0.1600,0.0600,22,0,1
2016-02-01 23:00,0.223276,0.000000,0.1600,0.0600,23,0,1
2016-02-02 00:00,0.325089,0.000000,0.1600,0.0600,0,1,1
2016-02-02 01:00,0.302001,0.000000,0.1600,0.0600,1,1,1
2016-02-02 02:00,0.297921,0.000000,0.1600,0.0600,2,1,1
2016-02-02 03:00,0.317941,0.000000,0.1600,0.0600,3,1,1
2016-02-02 04:00,0.300258,0.000000,0.1600,0.0600,4,1,1
2016-02-02 05:00,0.354115,0.000000,0.1600,0.0600,5,1,1
2016-02-02 06:00,0.311712,0.000000,0.1600,0.0600,6,1,1
2016-02-02 07:00,0.390144,0.000000,0.2200,0.0600,7,1,1
2016-02-02 08:00,0.433157,0.000757,0.2200,0.0600,8,1,1
2016-02-02 09:00,0.449826,0.021013,0.2200,0.0600,9,1,1
2016-02-02 10:00,0.442438,0.050266,0.2200,0.0600,10,1,1
2016-02-02 11:00,0.481138,0.071701,0.2200,0.0600,11,1,1
2016-02-02 12:00,0.518441,0.079118,0.2200,0.0600,12,1,1
2016-02-02 13:00,0.556185,0.070918,0.2200,0.0600,13,1,1
2016-02-02 14:00,0.541829,0.048883,0.2200,0.0600,14,1,1
2016-02-02 15:00,0.550286,0.019545,0.2200,0.0600,15,1,1
2016-02-02 16:00,0.501059,0.000651,0.2200,0.0600,16,1,1
2016-02-02 17:00,0.515710,0.000000,0.3400,0.0600,17,1,1
2016-02-02 18:00,0.495230,0.000000,0.3400,0.0600,18,1,1
2016-02-02 19:00,0.467703,0.000000,0.3400,0.0600,19,1,1
2016-02-02 20:00,0.434189,0.000000,0.3400,0.0600,20,1,1
2016-02-02 21:00,0.357759,0.000000,0.3400,0.0600,21,1,1
2016-02-02 22:00,0.298979,0.000000,0.1600,0.0600,22,1,1
2016-02-02 23:00,0.208607,0.000000,0.1600,0.0600,23,1,1
2016-02-03 00:00,0.278657,0.000000,0.1600,0.0600,0,2,1
2016-02-03 01:00,0.274564,0.000000,0.1600,0.0600,1,2,1
2016-02-03 02:00,0.339750,0.000000,0.1600,0.0600,2,2,1
2016-02-03 03:00,0.329955,0.000000,0.1600,0.0600,3,2,1
2016-02-03 04:00,0.324988,0.000000,0.1600,0.0600,4,2,1
2016-02-03 05:00,0.349240,0.000000,0.1600,0.0600,5,2,1
2016-02-03 06:00,0.266516,0.000000,0.1600,0.0600,6,2,1
2016-02-03 07:00,0.358892,0.000000,0.2200,0.0600,7,2,1
2016-02-03 08:00,0.470232,0.001171,0.2200,0.0600,8,2,1
2016-02-03 09:00,0.490593,0.027309,0.2200,0.0600,9,2,1
2016-02-03 10:00,0.501895,0.063988,0.2200,0.0600,10,2,1
2016-02-03 11:00,0.519045,0.090738,0.2200,0.0600,11,2,1
2016-02-03 12:00,0.523997,0.100016,0.2200,0.0600,12,2,1
2016-02-03 13:00,0.519256,0.089859,0.2200,0.0600,13,2,1
2016-02-03 14:00,0.525034,0.062429,0.2200,0.0600,14,2,1
2016-02-03 15:00,0.513875,0.025634,0.2200,0.0600,15,2,1
2016-02-03 16:00,0.491939,0.000854,0.2200,0.0600,16,2,1
2016-02-03 17:00,0.498028,0.000000,0.3400,0.0600,17,2,1
2016-02-03 18:00,0.505009,0.000000,0.3400,0.0600,18,2,1
2016-02-03 19:00,0.448559,0.000000,0.3400,0.0600,19,2,1
2016-02-03 20:00,0.386737,0.000000,0.3400,0.0600,20,2,1
2016-02-03 21:00,0.343914,0.000000,0.3400,0.0600,21,2,1
2016-02-03 22:00,0.302085,0.000000,0.1600,0.0600,22,2,1
2016-02-03 23:00,0.269611,0.000000,0.1600,0.0600,23,2,1
2016-02-04 00:00,0.329774,0.000000,0.1600,0.0600,0,3,1
2016-02-04 01:00,0.315354,0.000000,0.1600,0.0600,1,3,1
2016-02-04 02:00,0.292729,0.000000,0.1600,0.0600,2,3,1
2016-02-04 03:00,0.293508,0.000000,0.1600,0.0600,3,3,1
2016-02-04 04:00,0.290480,0.000000,0.1600,0.0600,4,3,1
2016-02-04 05:00,0.344082,0.000000,0.1600,0.0600,5,3,1
2016-02-04 06:00,0.279275,0.000000,0.1600,0.0600,6,3,1
2016-02-04 07:00,0.379044,0.000000,0.2200,0.0600,7,3,1
2016-02-04 08:00,0.479492,0.001615,0.2200,0.0600,8,3,1
2016-02-04 09:00,0.500992,0.032001,0.2200,0.0600,9,3,1
2016-02-04 10:00,0.509693,0.073478,0.2200,0.0600,10,3,1
2016-02-04 11:00,0.550559,0.103587,0.2200,0.0600,11,3,1
2016-02-04 12:00,0.555063,0.114049,0.2200,0.0600,12,3,1
2016-02-04 13:00,0.520077,0.102697,0.2200,0.0600,13,3,1
2016-02-04 14:00,0.516535,0.071894,0.2200,0.0600,14,3,1
2016-02-04 15:00,0.506798,0.030280,0.2200,0.0600,15,3,1
2016-02-04 16:00,0.492737,0.001179,0.2200,0.0600,16,3,1
2016-02-04 17:00,0.485294,0.000000,0.3400,0.0600,17,3,1
2016-02-04 18:00,0.448926,0.000000,0.3400,0.0600,18,3,1
2016-02-04 19:00,0.425007,0.000000,0.3400,0.0600,19,3,1
2016-02-04 20:00,0.394009,0.000000,0.3400,0.0600,20,3,1
2016-02-04 21:00,0.337459,0.000000,0.3400,0.0600,21,3,1
2016-02-04 22:00,0.269845,0.000000,0.1600,0.0600,22,3,1
2016-02-04 23:00,0.242509,0.000000,0.1600,0.0600,23,3,1
2016-02-05 00:00,0.341221,0.000000,0.1600,0.0600,0,4,1
2016-02-05 01:00,0.333733,0.000000,0.1600,0.0600,1,4,1
2016-02-05 02:00,0.317941,0.000000,0.1600,0.0600,2,4,1
2016-02-05 03:00,0.308010,0.000000,0.1600,0.0600,3,4,1
2016-02-05 04:00,0.320557,0.000000,0.1600,0.0600,4,4,1
2016-02-05 05:00,0.351511,0.000000,0.1600,0.0600,5,4,1
2016-02-05 06:00,0.325222,0.000000,0.1600,0.0600,6,4,1
2016-02-05 07:00,0.420135,0.000000,0.2200,0.0600,7,4,1
2016-02-05 08:00,0.480652,0.001624,0.2200,0.0600,8,4,1
2016-02-05 09:00,0.511396,0.027656,0.2200,0.0600,9,4,1
2016-02-05 10:00,0.487272,0.062253,0.2200,0.0600,10,4,1
2016-02-05 11:00,0.503552,0.087253,0.2200,0.0600,11,4,1
2016-02-05 12:00,0.556658,0.095954,0.2200,0.0600,12,4,1
2016-02-05 13:00,0.578133,0.086588,0.2200,0.0600,13,4,1
2016-02-05 14:00,0.550727,0.061067,0.2200,0.0600,14,4,1
2016-02-05 15:00,0.524317,0.026353,0.2200,0.0600,15,4,1
2016-02-05 16:00,0.508426,0.001252,0.2200,0.0600,16,4,1
2016-02-05 17:00,0.491996,0.000000,0.3400,0.0600,17,4,1
2016-02-05 18:00,0.495286,0.000000,0.3400,0.0600,18,4,1
2016-02-05 19:00,0.495640,0.000000,0.3400,0.0600,19,4,1
2016-02-05 20:00,0.445302,0.000000,0.3400,0.0600,20,4,1
2016-02-05 21:00,0.383569,0.000000,0.3400,0.0600,21,4,1
2016-02-05 22:00,0.286089,0.000000,0.1600,0.0600,22,4,1
2016-02-05 23:00,0.241183,0.000000,0.1600,0.0600,23,4,1
2016-02-06 00:00,0.368021,0.000000,0.2000,0.0600,0,5,0
2016-02-06 01:00,0.386037,0.000000,0.2000,0.0600,1,5,0
2016-02-06 02:00,0.383998,0.000000,0.2000,0.0600,2,5,0
2016-02-06 03:00,0.381397,0.000000,0.2000,0.0600,3,5,0
2016-02-06 04:00,0.395485,0.000000,0.2000,0.0600,4,5,0
2016-02-06 05:00,0.403694,0.000000,0.2000,0.0600,5,5,0
2016-02-06 06:00,0.373246,0.000000,0.2000,0.0600,6,5,0
2016-02-06 07:00,0.452389,0.000000,0.2000,0.0600,7,5,0
2016-02-06 08:00,0.527495,0.001792,0.2000,0.0600,8,5,0
2016-02-06 09:00,0.522778,0.026494,0.2000,0.0600,9,5,0
2016-02-06 10:00,0.503279,0.058490,0.2000,0.0600,10,5,0
2016-02-06 11:00,0.561605,0.081508,0.2000,0.0600,11,5,0
2016-02-06 12:00,0.587467,0.089528,0.2000,0.0600,12,5,0
2016-02-06 13:00,0.581676,0.080957,0.2000,0.0600,13,5,0
2016-02-06 14:00,0.588991,0.057505,0.2000,0.0600,14,5,0
2016-02-06 15:00,0.527332,0.025400,0.2000,0.0600,15,5,0
2016-02-06 16:00,0.505987,0.001444,0.2000,0.0600,16,5,0
2016-02-06 17:00,0.518637,0.000000,0.2000,0.0600,17,5,0
2016-02-06 18:00,0.541950,0.000000,0.2000,0.0600,18,5,0
2016-02-06 19:00,0.550012,0.000000,0.2000,0.0600,19,5,0
2016-02-06 20:00,0.492941,0.000000,0.2000,0.0600,20,5,0
2016-02-06 21:00,0.441189,0.000000,0.2000,0.0600,21,5,0
2016-02-06 22:00,0.374073,0.000000,0.2000,0.0600,22,5,0
2016-02-06 23:00,0.313992,0.000000,0.2000,0.0600,23,5,0
2016-02-07 00:00,0.397496,0.000000,0.2000,0.0600,0,6,0
2016-02-07 01:00,0.408804,0.000000,0.2000,0.0600,1,6,0
2016-02-07 02:00,0.378765,0.000000,0.2000,0.0600,2,6,0
2016-02-07 03:00,0.388117,0.000000,0.2000,0.0600,3,6,0
2016-02-07 04:00,0.379412,0.000000,0.2000,0.0600,4,6,0
2016-02-07 05:00,0.412083,0.000000,0.2000,0.0600,5,6,0
2016-02-07 06:00,0.365741,0.000000,0.2000,0.0600,6,6,0
2016-02-07 07:00,0.480860,0.000000,0.2000,0.0600,7,6,0
2016-02-07 08:00,0.507231,0.002848,0.2000,0.0600,8,6,0
2016-02-07 09:00,0.526661,0.036895,0.2000,0.0600,9,6,0
2016-02-07 10:00,0.548216,0.079919,0.2000,0.0600,10,6,0
2016-02-07 11:00,0.557471,0.110733,0.2000,0.0600,11,6,0
2016-02-07 12:00,0.605363,0.121481,0.2000,0.0600,12,6,0
2016-02-07 13:00,0.605663,0.110067,0.2000,0.0600,13,6,0
2016-02-07 14:00,0.566635,0.078724,0.2000,0.0600,14,6,0
2016-02-07 15:00,0.534177,0.035555,0.2000,0.0600,15,6,0
2016-02-07 16:00,0.528596,0.002378,0.2000,0.0600,16,6,0
2016-02-07 17:00,0.507814,0.000000,0.2000,0.0600,17,6,0
2016-02-07 18:00,0.502938,0.000000,0.2000,0.0600,18,6,0
2016-02-07 19:00,0.480363,0.000000,0.2000,0.0600,19,6,0
2016-02-07 20:00,0.451896,0.000000,0.2000,0.0600,20,6,0
2016-02-07 21:00,0.438169,0.000000,0.2000,0.0600,21,6,0
2016-02-07 22:00,0.378211,0.000000,0.2000,0.0600,22,6,0
2016-02-07 23:00,0.359130,0.000000,0.2000,0.0600,23,6,0
2016-02-08 00:00,0.362136,0.000000,0.1600,0.0600,0,0,1
2016-02-08 01:00,0.347270,0.000000,0.1600,0.0600,1,0,1
2016-02-08 02:00,0.315659,0.000000,0.1600,0.0600,2,0,1
2016-02-08 03:00,0.313746,0.000000,0.1600,0.0600,3,0,1
2016-02-08 04:00,0.350022,0.000000,0.1600,0.0600,4,0,1
2016-02-08 05:00,0.359015,0.000000,0.1600,0.0600,5,0,1
2016-02-08 06:00,0.310272,0.000000,0.1600,0.0600,6,0,1
2016-02-08 07:00,0.406723,0.000000,0.2200,0.0600,7,0,1
2016-02-08 08:00,0.485327,0.002459,0.2200,0.0600,8,0,1
2016-02-08 09:00,0.513642,0.028156,0.2200,0.0600,9,0,1
2016-02-08 10:00,0.505214,0.059868,0.2200,0.0600,10,0,1
2016-02-08 11:00,0.516155,0.082484,0.2200,0.0600,11,0,1
2016-02-08 12:00,0.549062,0.090377,0.2200,0.0600,12,0,1
2016-02-08 13:00,0.565508,0.082040,0.2200,0.0600,13,0,1
2016-02-08 14:00,0.534266,0.059072,0.2200,0.0600,14,0,1
2016-02-08 15:00,0.493038,0.027254,0.2200,0.0600,15,0,1
2016-02-08 16:00,0.476382,0.002113,0.2200,0.0600,16,0,1
2016-02-08 17:00,0.483778,0.000000,0.3400,0.0600,17,0,1
2016-02-08 18:00,0.459430,0.000000,0.3400,0.0600,18,0,1
2016-02-08 19:00,0.455785,0.000000,0.3400,0.0600,19,0,1
2016-02-08 20:00,0.421694,0.000000,0.3400,0.0600,20,0,1
2016-02-08 21:00,0.394777,0.000000,0.3400,0.0600,21,0,1
2016-02-08 22:00,0.345344,0.000000,0.1600,0.0600,22,0,1
2016-02-08 23:00,0.255464,0.000000,0.1600,0.0600,23,0,1
2016-02-09 00:00,0.323153,0.000000,0.1600,0.0600,0,1,1
2016-02-09 01:00,0.311323,0.000000,0.1600,0.0600,1,1,1
2016-02-09 02:00,0.315296,0.000000,0.1600,0.0600,2,1,1
2016-02-09 03:00,0.305300,0.000000,0.1600,0.0600,3,1,1
2016-02-09 04:00,0.335592,0.000000,0.1600,0.0600,4,1,1
2016-02-09 05:00,0.374839,0.000000,0.1600,0.0600,5,1,1
2016-02-09 06:00,0.284828,0.000000,0.1600,0.0600,6,1,1
2016-02-09 07:00,0.359723,0.000000,0.2200,0.0600,7,1,1
2016-02-09 08:00,0.459392,0.003559,0.2200,0.0600,8,1,1
2016-02-09 09:00,0.463357,0.036303,0.2200,0.0600,9,1,1
2016-02-09 10:00,0.455191,0.075806,0.2200,0.0600,10,1,1
2016-02-09 11:00,0.469115,0.103857,0.2200,0.0600,11,1,1
2016-02-09 12:00,0.498993,0.113652,0.2200,0.0600,12,1,1
2016-02-09 13:00,0.536049,0.103355,0.2200,0.0600,13,1,1
2016-02-09 14:00,0.494382,0.074901,0.2200,0.0600,14,1,1
2016-02-09 15:00,0.472144,0.035269,0.2200,0.0600,15,1,1
2016-02-09 16:00,0.486113,0.003128,0.2200,0.0600,16,1,1
2016-02-09 17:00,0.480491,0.000000,0.3400,0.0600,17,1,1
2016-02-09 18:00,0.470151,0.000000,0.3400,0.0600,18,1,1
2016-02-09 19:00,0.456572,0.000000,0.3400,0.0600,19,1,1
2016-02-09 20:00,0.414155,0.000000,0.3400,0.0600,20,1,1
2016-02-09 21:00,0.345501,0.000000,0.3400,0.0600,21,1,1
2016-02-09 22:00,0.276175,0.000000,0.1600,0.0600,22,1,1
2016-02-09 23:00,0.228474,0.000000,0.1600,0.0600,23,1,1
2016-02-10 00:00,0.314115,0.000000,0.1600,0.0600,0,2,1
2016-02-10 01:00,0.301849,0.000000,0.1600,0.0600,1,2,1
2016-02-10 02:00,0.322163,0.000000,0.1600,0.0600,2,2,1
2016-02-10 03:00,0.351944,0.000000,0.1600,0.0600,3,2,1
2016-02-10 04:00,0.360106,0.000000,0.1600,0.0600,4,2,1
2016-02-10 05:00,0.356843,0.000000,0.1600,0.0600,5,2,1
2016-02-10 06:00,0.313328,0.000000,0.1600,0.0600,6,2,1
2016-02-10 07:00,0.424144,0.000000,0.2200,0.0600,7,2,1
2016-02-10 08:00,0.509670,0.003016,0.2200,0.0600,8,2,1
2016-02-10 09:00,0.494766,0.027614,0.2200,0.0600,9,2,1
2016-02-10 10:00,0.485833,0.056653,0.2200,0.0600,10,2,1
2016-02-10 11:00,0.501244,0.077187,0.2200,0.0600,11,2,1
2016-02-10 12:00,0.512216,0.084358,0.2200,0.0600,12,2,1
2016-02-10 13:00,0.554075,0.076848,0.2200,0.0600,13,2,1
2016-02-10 14:00,0.535199,0.056040,0.2200,0.0600,14,2,1
2016-02-10 15:00,0.515884,0.026908,0.2200,0.0600,15,2,1
2016-02-10 16:00,0.486958,0.002699,0.2200,0.0600,16,2,1
2016-02-10 17:00,0.486807,0.000000,0.3400,0.0600,17,2,1
2016-02-10 18:00,0.504909,0.000000,0.3400,0.0600,18,2,1
2016-02-10 19:00,0.455611,0.000000,0.3400,0.0600,19,2,1
2016-02-10 20:00,0.435382,0.000000,0.3400,0.0600,20,2,1
2016-02-10 21:00,0.365264,0.000000,0.3400,0.0600,21,2,1
2016-02-10 22:00,0.293568,0.000000,0.1600,0.0600,22,2,1
2016-02-10 23:00,0.246399,0.000000,0.1600,0.0600,23,2,1
2016-02-11 00:00,0.314295,0.000000,0.1600,0.0600,0,3,1
2016-02-11 01:00,0.301595,0.000000,0.1600,0.0600,1,3,1
2016-02-11 02:00,0.319760,0.000000,0.1600,0.0600,2,3,1
2016-02-11 03:00,0.318740,0.000000,0.1600,0.0600,3,3,1
2016-02-11 04:00,0.333377,0.000000,0.1600,0.0600,4,3,1
2016-02-11 05:00,0.347912,0.000000,0.1600,0.0600,5,3,1
2016-02-11 06:00,0.294683,0.000000,0.1600,0.0600,6,3,1
2016-02-11 07:00,0.392897,0.000000,0.2200,0.0600,7,3,1
2016-02-11 08:00,0.469321,0.004347,0.2200,0.0600,8,3,1
2016-02-11 09:00,0.516011,0.035976,0.2200,0.0600,9,3,1
2016-02-11 10:00,0.519442,0.072548,0.2200,0.0600,10,3,1
2016-02-11 11:00,0.546351,0.098304,0.2200,0.0600,11,3,1
2016-02-11 12:00,0.539707,0.107296,0.2200,0.0600,12,3,1
2016-02-11 13:00,0.554136,0.097905,0.2200,0.0600,13,3,1
2016-02-11 14:00,0.548890,0.071828,0.2200,0.0600,14,3,1
2016-02-11 15:00,0.502684,0.035138,0.2200,0.0600,15,3,1
2016-02-11 16:00,0.478963,0.003945,0.2200,0.0600,16,3,1
2016-02-11 17:00,0.475706,0.000000,0.3400,0.0600,17,3,1
2016-02-11 18:00,0.459049,0.000000,0.3400,0.0600,18,3,1
2016-02-11 19:00,0.441411,0.000000,0.3400,0.0600,19,3,1
2016-02-11 20:00,0.421677,0.000000,0.3400,0.0600,20,3,1
2016-02-11 21:00,0.372260,0.000000,0.3400,0.0600,21,3,1
2016-02-11 22:00,0.294094,0.000000,0.1600,0.0600,22,3,1
2016-02-11 23:00,0.242400,0.000000,0.1600,0.0600,23,3,1
2016-02-12 00:00,0.320694,0.000000,0.1600,0.0600,0,4,1
2016-02-12 01:00,0.332895,0.000000,0.1600,0.0600,1,4,1
2016-02-12 02:00,0.317720,0.000000,0.1600,0.0600,2,4,1
2016-02-12 03:00,0.337169,0.000000,0.1600,0.0600,3,4,1
2016-02-12 04:00,0.363025,0.000000,0.1600,0.0600,4,4,1
2016-02-12 05:00,0.365339,0.000000,0.1600,0.0600,5,4,1
2016-02-12 06:00,0.316026,0.000000,0.1600,0.0600,6,4,1
2016-02-12 07:00,0.380483,0.000000,0.2200,0.0600,7,4,1
2016-02-12 08:00,0.452228,0.004367,0.2200,0.0600,8,4,1
2016-02-12 09:00,0.480524,0.032871,0.2200,0.0600,9,4,1
2016-02-12 10:00,0.458065,0.065184,0.2200,0.0600,10,4,1
2016-02-12 11:00,0.498807,0.087850,0.2200,0.0600,11,4,1
2016-02-12 12:00,0.537834,0.095760,0.2200,0.0600,12,4,1
2016-02-12 13:00,0.572091,0.087517,0.2200,0.0600,13,4,1
2016-02-12 14:00,0.567921,0.064581,0.2200,0.0600,14,4,1
2016-02-12 15:00,0.521009,0.032164,0.2200,0.0600,15,4,1
2016-02-12 16:00,0.515497,0.004006,0.2200,0.0600,16,4,1
2016-02-12 17:00,0.522509,0.000000,0.3400,0.0600,17,4,1
2016-02-12 18:00,0.491853,0.000000,0.3400,0.0600,18,4,1
2016-02-12 19:00,0.446517,0.000000,0.3400,0.0600,19,4,1
2016-02-12 20:00,0.399506,0.000000,0.3400,0.0600,20,4,1
2016-02-12 21:00,0.339525,0.000000,0.3400,0.0600,21,4,1
2016-02-12 22:00,0.283965,0.000000,0.1600,0.0600,22,4,1
2016-02-12 23:00,0.249350,0.000000,0.1600,0.0600,23,4,1
2016-02-13 00:00,0.376259,0.000000,0.2000,0.0600,0,5,0
2016-02-13 01:00,0.397798,0.000000,0.2000,0.0600,1,5,0
2016-02-13 02:00,0.394287,0.000000,0.2000,0.0600,2,5,0
2016-02-13 03:00,0.365400,0.000000,0.2000,0.0600,3,5,0
2016-02-13 04:00,0.380466,0.000000,0.2000,0.0600,4,5,0
2016-02-13 05:00,0.396362,0.000000,0.2000,0.0600,5,5,0
2016-02-13 06:00,0.322233,0.000000,0.2000,0.0600,6,5,0
2016-02-13 07:00,0.396343,0.000000,0.2000,0.0600,7,5,0
2016-02-13 08:00,0.491598,0.005661,0.2000,0.0600,8,5,0
2016-02-13 09:00,0.505264,0.038981,0.2000,0.0600,9,5,0
2016-02-13 10:00,0.524279,0.076048,0.2000,0.0600,10,5,0
2016-02-13 11:00,0.549201,0.101946,0.2000,0.0600,11,5,0
2016-02-13 12:00,0.560237,0.110977,0.2000,0.0600,12,5,0
2016-02-13 13:00,0.614303,0.101577,0.2000,0.0600,13,5,0
2016-02-13 14:00,0.598762,0.075379,0.2000,0.0600,14,5,0
2016-02-13 15:00,0.559845,0.038190,0.2000,0.0600,15,5,0
2016-02-13 16:00,0.553925,0.005233,0.2000,0.0600,16,5,0
2016-02-13 17:00,0.534857,0.000000,0.2000,0.0600,17,5,0
2016-02-13 18:00,0.526314,0.000000,0.2000,0.0600,18,5,0
2016-02-13 19:00,0.497290,0.000000,0.2000,0.0600,19,5,0
2016-02-13 20:00,0.467235,0.000000,0.2000,0.0600,20,5,0
2016-02-13 21:00,0.403925,0.000000,0.2000,0.0600,21,5,0
2016-02-13 22:00,0.352467,0.000000,0.2000,0.0600,22,5,0
2016-02-13 23:00,0.312340,0.000000,0.2000,0.0600,23,5,0
2016-02-14 00:00,0.373629,0.000000,0.2000,0.0600,0,6,0
2016-02-14 01:00,0.369947,0.000000,0.2000,0.0600,1,6,0
2016-02-14 02:00,0.353808,0.000000,0.2000,0.0600,2,6,0
2016-02-14 03:00,0.345948,0.000000,0.2000,0.0600,3,6,0
2016-02-14 04:00,0.343673,0.000000,0.2000,0.0600,4,6,0
2016-02-14 05:00,0.382295,0.000000,0.2000,0.0600,5,6,0
2016-02-14 06:00,0.359505,0.000000,0.2000,0.0600,6,6,0
2016-02-14 07:00,0.447406,0.000000,0.2000,0.0600,7,6,0
2016-02-14 08:00,0.495292,0.008299,0.2000,0.0600,8,6,0
2016-02-14 09:00,0.516300,0.052573,0.2000,0.0600,9,6,0
2016-02-14 10:00,0.509211,0.100949,0.2000,0.0600,10,6,0
2016-02-14 11:00,0.512448,0.134616,0.2000,0.0600,11,6,0
2016-02-14 12:00,0.573940,0.146346,0.2000,0.0600,12,6,0
2016-02-14 13:00,0.603552,0.134143,0.2000,0.0600,13,6,0
2016-02-14 14:00,0.590941,0.100087,0.2000,0.0600,14,6,0
2016-02-14 15:00,0.548382,0.051547,0.2000,0.0600,15,6,0
2016-02-14 16:00,0.558273,0.007715,0.2000,0.0600,16,6,0
2016-02-14 17:00,0.535834,0.000000,0.2000,0.0600,17,6,0
2016-02-14 18:00,0.516874,0.000000,0.2000,0.0600,18,6,0
2016-02-14 19:00,0.491043,0.000000,0.2000,0.0600,19,6,0
2016-02-14 20:00,0.456978,0.000000,0.2000,0.0600,20,6,0
2016-02-14 21:00,0.408806,0.000000,0.2000,0.0600,21,6,0
2016-02-14 22:00,0.378745,0.000000,0.2000,0.0600,22,6,0
2016-02-14 23:00,0.335899,0.000000,0.2000,0.0600,23,6,0
2016-02-15 00:00,0.352284,0.000000,0.1600,0.0600,0,0,1
2016-02-15 01:00,0.355093,0.000000,0.1600,0.0600,1,0,1
2016-02-15 02:00,0.320942,0.000000,0.1600,0.0600,2,0,1
2016-02-15 03:00,0.312580,0.000000,0.1600,0.0600,3,0,1
2016-02-15 04:00,0.317759,0.000000,0.1600,0.0600,4,0,1
2016-02-15 05:00,0.378832,0.000000,0.1600,0.0600,5,0,1
2016-02-15 06:00,0.332265,0.000000,0.1600,0.0600,6,0,1
2016-02-15 07:00,0.402328,0.000000,0.2200,0.0600,7,0,1
2016-02-15 08:00,0.453556,0.009016,0.2200,0.0600,8,0,1
2016-02-15 09:00,0.482360,0.052803,0.2200,0.0600,9,0,1
2016-02-15 10:00,0.518585,0.099835,0.2200,0.0600,10,0,1
2016-02-15 11:00,0.539003,0.132443,0.2200,0.0600,11,0,1
2016-02-15 12:00,0.578841,0.143790,0.2200,0.0600,12,0,1
2016-02-15 13:00,0.612277,0.131980,0.2200,0.0600,13,0,1
2016-02-15 14:00,0.580111,0.098990,0.2200,0.0600,14,0,1
2016-02-15 15:00,0.549220,0.051791,0.2200,0.0600,15,0,1
2016-02-15 16:00,0.491750,0.008412,0.2200,0.0600,16,0,1
2016-02-15 17:00,0.482822,0.000000,0.3400,0.0600,17,0,1
2016-02-15 18:00,0.504510,0.000000,0.3400,0.0600,18,0,1
2016-02-15 19:00,0.468832,0.000000,0.3400,0.0600,19,0,1
2016-02-15 20:00,0.390861,0.000000,0.3400,0.0600,20,0,1
2016-02-15 21:00,0.334347,0.000000,0.3400,0.0600,21,0,1
2016-02-15 22:00,0.268940,0.000000,0.1600,0.0600,22,0,1
2016-02-15 23:00,0.212649,0.000000,0.1600,0.0600,23,0,1
2016-02-16 00:00,0.296183,0.000000,0.1600,0.0600,0,1,1
2016-02-16 01:00,0.311580,0.000000,0.1600,0.0600,1,1,1
2016-02-16 02:00,0.345350,0.000000,0.1600,0.0600,2,1,1
2016-02-16 03:00,0.321587,0.000000,0.1600,0.0600,3,1,1
2016-02-16 04:00,0.360150,0.000000,0.1600,0.0600,4,1,1
2016-02-16 05:00,0.367412,0.000000,0.1600,0.0600,5,1,1
2016-02-16 06:00,0.326032,0.000000,0.1600,0.0600,6,1,1
2016-02-16 07:00,0.404442,0.000000,0.2200,0.0600,7,1,1
2016-02-16 08:00,0.462336,0.008082,0.2200,0.0600,8,1,1
2016-02-16 09:00,0.493783,0.043964,0.2200,0.0600,9,1,1
2016-02-16 10:00,0.474470,0.081884,0.2200,0.0600,10,1,1
2016-02-16 11:00,0.489758,0.108076,0.2200,0.0600,11,1,1
2016-02-16 12:00,0.546030,0.117176,0.2200,0.0600,12,1,1
2016-02-16 13:00,0.553818,0.107692,0.2200,0.0600,13,1,1
2016-02-16 14:00,0.521842,0.081183,0.2200,0.0600,14,1,1
2016-02-16 15:00,0.508470,0.043119,0.2200,0.0600,15,1,1
2016-02-16 16:00,0.499842,0.007555,0.2200,0.0600,16,1,1
2016-02-16 17:00,0.491612,0.000000,0.3400,0.0600,17,1,1
2016-02-16 18:00,0.509099,0.000000,0.3400,0.0600,18,1,1
2016-02-16 19:00,0.466506,0.000000,0.3400,0.0600,19,1,1
2016-02-16 20:00,0.403871,0.000000,0.3400,0.0600,20,1,1
2016-02-16 21:00,0.362813,0.000000,0.3400,0.0600,21,1,1
2016-02-16 22:00,0.310228,0.000000,0.1600,0.0600,22,1,1
2016-02-16 23:00,0.232007,0.000000,0.1600,0.0600,23,1,1
2016-02-17 00:00,0.277980,0.000000,0.1600,0.0600,0,2,1
2016-02-17 01:00,0.291239,0.000000,0.1600,0.0600,1,2,1
2016-02-17 02:00,0.301347,0.000000,0.1600,0.0600,2,2,1
2016-02-17 03:00,0.315966,0.000000,0.1600,0.0600,3,2,1
2016-02-17 04:00,0.318378,0.000000,0.1600,0.0600,4,2,1
2016-02-17 05:00,0.358343,0.000000,0.1600,0.0600,5,2,1
2016-02-17 06:00,0.320871,0.000000,0.1600,0.0600,6,2,1
2016-02-17 07:00,0.400414,0.000000,0.2200,0.0600,7,2,1
2016-02-17 08:00,0.450138,0.010290,0.2200,0.0600,8,2,1
2016-02-17 09:00,0.502852,0.052218,0.2200,0.0600,9,2,1
2016-02-17 10:00,0.513128,0.095846,0.2200,0.0600,10,2,1
2016-02-17 11:00,0.534887,0.125871,0.2200,0.0600,11,2,1
2016-02-17 12:00,0.569738,0.136284,0.2200,0.0600,12,2,1
2016-02-17 13:00,0.554127,0.125409,0.2200,0.0600,13,2,1
2016-02-17 14:00,0.559703,0.095001,0.2200,0.0600,14,2,1
2016-02-17 15:00,0.530624,0.051193,0.2200,0.0600,15,2,1
2016-02-17 16:00,0.521825,0.009623,0.2200,0.0600,16,2,1
2016-02-17 17:00,0.488168,0.000000,0.3400,0.0600,17,2,1
2016-02-17 18:00,0.459945,0.000000,0.3400,0.0600,18,2,1
2016-02-17 19:00,0.455055,0.000000,0.3400,0.0600,19,2,1
2016-02-17 20:00,0.415063,0.000000,0.3400,0.0600,20,2,1
2016-02-17 21:00,0.374003,0.000000,0.3400,0.0600,21,2,1
2016-02-17 22:00,0.285001,0.000000,0.1600,0.0600,22,2,1
2016-02-17 23:00,0.260719,0.000000,0.1600,0.0600,23,2,1
2016-02-18 00:00,0.307801,0.000000,0.1600,0.0600,0,3,1
2016-02-18 01:00,0.341431,0.000000,0.1600,0.0600,1,3,1
2016-02-18 02:00,0.314893,0.000000,0.1600,0.0600,2,3,1
2016-02-18 03:00,0.323454,0.000000,0.1600,0.0600,3,3,1
2016-02-18 04:00,0.326604,0.000000,0.1600,0.0600,4,3,1
2016-02-18 05:00,0.371387,0.000000,0.1600,0.0600,5,3,1
2016-02-18 06:00,0.334461,0.000000,0.1600,0.0600,6,3,1
2016-02-18 07:00,0.390165,0.000041,0.2200,0.0600,7,3,1
2016-02-18 08:00,0.468149,0.011877,0.2200,0.0600,8,3,1
2016-02-18 09:00,0.499063,0.056452,0.2200,0.0600,9,3,1
2016-02-18 10:00,0.506748,0.102157,0.2200,0.0600,10,3,1
2016-02-18 11:00,0.507530,0.133498,0.2200,0.0600,11,3,1
2016-02-18 12:00,0.542824,0.144346,0.2200,0.0600,12,3,1
2016-02-18 13:00,0.547915,0.132984,0.2200,0.0600,13,3,1
2016-02-18 14:00,0.537118,0.101214,0.2200,0.0600,14,3,1
2016-02-18 15:00,0.527533,0.055302,0.2200,0.0600,15,3,1
2016-02-18 16:00,0.506724,0.011100,0.2200,0.0600,16,3,1
2016-02-18 17:00,0.492939,0.000000,0.3400,0.0600,17,3,1
2016-02-18 18:00,0.474733,0.000000,0.3400,0.0600,18,3,1
2016-02-18 19:00,0.428642,0.000000,0.3400,0.0600,19,3,1
2016-02-18 20:00,0.417419,0.000000,0.3400,0.0600,20,3,1
2016-02-18 21:00,0.368113,0.000000,0.3400,0.0600,21,3,1
2016-02-18 22:00,0.288133,0.000000,0.1600,0.0600,22,3,1
2016-02-18 23:00,0.238713,0.000000,0.1600,0.0600,23,3,1
2016-02-19 00:00,0.297888,0.000000,0.1600,0.0600,0,4,1
2016-02-19 01:00,0.349028,0.000000,0.1600,0.0600,1,4,1
2016-02-19 02:00,0.334849,0.000000,0.1600,0.0600,2,4,1
2016-02-19 03:00,0.341245,0.000000,0.1600,0.0600,3,4,1
2016-02-19 04:00,0.375903,0.000000,0.1600,0.0600,4,4,1
2016-02-19 05:00,0.373832,0.000000,0.1600,0.0600,5,4,1
2016-02-19 06:00,0.316617,0.000000,0.1600,0.0600,6,4,1
2016-02-19 07:00,0.407677,0.000106,0.2200,0.0600,7,4,1
2016-02-19 08:00,0.472030,0.014187,0.2200,0.0600,8,4,1
2016-02-19 09:00,0.506963,0.063395,0.2200,0.0600,9,4,1
2016-02-19 10:00,0.465185,0.113151,0.2200,0.0600,10,4,1
2016-02-19 11:00,0.474121,0.147149,0.2200,0.0600,11,4,1
2016-02-19 12:00,0.510568,0.158890,0.2200,0.0600,12,4,1
2016-02-19 13:00,0.529751,0.146548,0.2200,0.0600,13,4,1
2016-02-19 14:00,0.540275,0.112045,0.2200,0.0600,14,4,1
2016-02-19 15:00,0.506526,0.062039,0.2200,0.0600,15,4,1
2016-02-19 16:00,0.480977,0.013238,0.2200,0.0600,16,4,1
2016-02-19 17:00,0.460963,0.000057,0.3400,0.0600,17,4,1
2016-02-19 18:00,0.444135,0.000000,0.3400,0.0600,18,4,1
2016-02-19 19:00,0.414935,0.000000,0.3400,0.0600,19,4,1
2016-02-19 20:00,0.429024,0.000000,0.3400,0.0600,20,4,1
2016-02-19 21:00,0.360974,0.000000,0.3400,0.0600,21,4,1
2016-02-19 22:00,0.297635,0.000000,0.1600,0.0600,22,4,1
2016-02-19 23:00,0.239648,0.000000,0.1600,0.0600,23,4,1
2016-02-20 00:00,0.356079,0.000000,0.2000,0.0600,0,5,0
2016-02-20 01:00,0.386155,0.000000,0.2000,0.0600,1,5,0
2016-02-20 02:00,0.395016,0.000000,0.2000,0.0600,2,5,0
2016-02-20 03:00,0.413476,0.000000,0.2000,0.0600,3,5,0
2016-02-20 04:00,0.395673,0.000000,0.2000,0.0600,4,5,0
2016-02-20 05:00,0.441033,0.000000,0.2000,0.0600,5,5,0
2016-02-20 06:00,0.382980,0.000000,0.2000,0.0600,6,5,0
2016-02-20 07:00,0.434119,0.000164,0.2000,0.0600,7,5,0
2016-02-20 08:00,0.486004,0.015253,0.2000,0.0600,8,5,0
2016-02-20 09:00,0.511598,0.064305,0.2000,0.0600,9,5,0
2016-02-20 10:00,0.533862,0.113248,0.2000,0.0600,10,5,0
2016-02-20 11:00,0.557690,0.146576,0.2000,0.0600,11,5,0
2016-02-20 12:00,0.566918,0.158056,0.2000,0.0600,12,5,0
2016-02-20 13:00,0.594509,0.145933,0.2000,0.0600,13,5,0
2016-02-20 14:00,0.587182,0.112065,0.2000,0.0600,14,5,0
2016-02-20 15:00,0.544849,0.062846,0.2000,0.0600,15,5,0
2016-02-20 16:00,0.547423,0.014198,0.2000,0.0600,16,5,0
2016-02-20 17:00,0.513767,0.000112,0.2000,0.0600,17,5,0
2016-02-20 18:00,0.497622,0.000000,0.2000,0.0600,18,5,0
2016-02-20 19:00,0.480076,0.000000,0.2000,0.0600,19,5,0
2016-02-20 20:00,0.450836,0.000000,0.2000,0.0600,20,5,0
2016-02-20 21:00,0.402422,0.000000,0.2000,0.0600,21,5,0
2016-02-20 22:00,0.357207,0.000000,0.2000,0.0600,22,5,0
2016-02-20 23:00,0.320586,0.000000,0.2000,0.0600,23,5,0
2016-02-21 00:00,0.359208,0.000000,0.2000,0.0600,0,6,0
2016-02-21 01:00,0.391426,0.000000,0.2000,0.0600,1,6,0
2016-02-21 02:00,0.386366,0.000000,0.2000,0.0600,2,6,0
2016-02-21 03:00,0.355967,0.000000,0.2000,0.0600,3,6,0
2016-02-21 04:00,0.354614,0.000000,0.2000,0.0600,4,6,0
2016-02-21 05:00,0.412163,0.000000,0.2000,0.0600,5,6,0
2016-02-21 06:00,0.366349,0.000000,0.2000,0.0600,6,6,0
2016-02-21 07:00,0.457779,0.000165,0.2000,0.0600,7,6,0
2016-02-21 08:00,0.496045,0.012169,0.2000,0.0600,8,6,0
2016-02-21 09:00,0.533170,0.048562,0.2000,0.0600,9,6,0
2016-02-21 10:00,0.541787,0.084418,0.2000,0.0600,10,6,0
2016-02-21 11:00,0.547351,0.108751,0.2000,0.0600,11,6,0
2016-02-21 12:00,0.567163,0.117109,0.2000,0.0600,12,6,0
2016-02-21 13:00,0.567725,0.108236,0.2000,0.0600,13,6,0
2016-02-21 14:00,0.562512,0.083469,0.2000,0.0600,14,6,0
2016-02-21 15:00,0.534922,0.047386,0.2000,0.0600,15,6,0
2016-02-21 16:00,0.518297,0.011293,0.2000,0.0600,16,6,0
2016-02-21 17:00,0.524608,0.000123,0.2000,0.0600,17,6,0
2016-02-21 18:00,0.531898,0.000000,0.2000,0.0600,18,6,0
2016-02-21 19:00,0.510850,0.000000,0.2000,0.0600,19,6,0
2016-02-21 20:00,0.480958,0.000000,0.2000,0.0600,20,6,0
2016-02-21 21:00,0.397521,0.000000,0.2000,0.0600,21,6,0
2016-02-21 22:00,0.363289,0.000000,0.2000,0.0600,22,6,0
2016-02-21 23:00,0.337768,0.000000,0.2000,0.0600,23,6,0
2016-02-22 00:00,0.312670,0.000000,0.1600,0.0600,0,0,1
2016-02-22 01:00,0.342032,0.000000,0.1600,0.0600,1,0,1
2016-02-22 02:00,0.325423,0.000000,0.1600,0.0600,2,0,1
2016-02-22 03:00,0.319604,0.000000,0.1600,0.0600,3,0,1
2016-02-22 04:00,0.324634,0.000000,0.1600,0.0600,4,0,1
2016-02-22 05:00,0.394275,0.000000,0.1600,0.0600,5,0,1
2016-02-22 06:00,0.323110,0.000000,0.1600,0.0600,6,0,1
2016-02-22 07:00,0.415541,0.000269,0.2200,0.0600,7,0,1
2016-02-22 08:00,0.480520,0.017034,0.2200,0.0600,8,0,1
2016-02-22 09:00,0.527009,0.064540,0.2200,0.0600,9,0,1
2016-02-22 10:00,0.484918,0.110784,0.2200,0.0600,10,0,1
2016-02-22 11:00,0.499354,0.142062,0.2200,0.0600,11,0,1
2016-02-22 12:00,0.546873,0.152773,0.2200,0.0600,12,0,1
2016-02-22 13:00,0.551168,0.141333,0.2200,0.0600,13,0,1
2016-02-22 14:00,0.517320,0.109439,0.2200,0.0600,14,0,1
2016-02-22 15:00,0.475955,0.062863,0.2200,0.0600,15,0,1
2016-02-22 16:00,0.467685,0.015750,0.2200,0.0600,16,0,1
2016-02-22 17:00,0.448760,0.000210,0.3400,0.0600,17,0,1
2016-02-22 18:00,0.464588,0.000000,0.3400,0.0600,18,0,1
2016-02-22 19:00,0.465850,0.000000,0.3400,0.0600,19,0,1
2016-02-22 20:00,0.433355,0.000000,0.3400,0.0600,20,0,1
2016-02-22 21:00,0.348572,0.000000,0.3400,0.0600,21,0,1
2016-02-22 22:00,0.296620,0.000000,0.1600,0.0600,22,0,1
2016-02-22 23:00,0.264364,0.000000,0.1600,0.0600,23,0,1
2016-02-23 00:00,0.334238,0.000000,0.1600,0.0600,0,1,1
2016-02-23 01:00,0.368470,0.000000,0.1600,0.0600,1,1,1
2016-02-23 02:00,0.357518,0.000000,0.1600,0.0600,2,1,1
2016-02-23 03:00,0.360562,0.000000,0.1600,0.0600,3,1,1
2016-02-23 04:00,0.377950,0.000000,0.1600,0.0600,4,1,1
2016-02-23 05:00,0.390494,0.000000,0.1600,0.0600,5,1,1
2016-02-23 06:00,0.318016,0.000000,0.1600,0.0600,6,1,1
2016-02-23 07:00,0.396814,0.000330,0.2200,0.0600,7,1,1
2016-02-23 08:00,0.445639,0.018658,0.2200,0.0600,8,1,1
2016-02-23 09:00,0.497930,0.067310,0.2200,0.0600,9,1,1
2016-02-23 10:00,0.467159,0.114133,0.2200,0.0600,10,1,1
2016-02-23 11:00,0.474032,0.145697,0.2200,0.0600,11,1,1
2016-02-23 12:00,0.487940,0.156470,0.2200,0.0600,12,1,1
2016-02-23 13:00,0.508881,0.144884,0.2200,0.0600,13,1,1
2016-02-23 14:00,0.526559,0.112631,0.2200,0.0600,14,1,1
2016-02-23 15:00,0.480905,0.065430,0.2200,0.0600,15,1,1
2016-02-23 16:00,0.474445,0.017182,0.2200,0.0600,16,1,1
2016-02-23 17:00,0.455740,0.000264,0.3400,0.0600,17,1,1
2016-02-23 18:00,0.426417,0.000000,0.3400,0.0600,18,1,1
2016-02-23 19:00,0.418252,0.000000,0.3400,0.0600,19,1,1
2016-02-23 20:00,0.406281,0.000000,0.3400,0.0600,20,1,1
2016-02-23 21:00,0.329222,0.000000,0.3400,0.0600,21,1,1
2016-02-23 22:00,0.267557,0.000000,0.1600,0.0600,22,1,1
2016-02-23 23:00,0.214101,0.000000,0.1600,0.0600,23,1,1
2016-02-24 00:00,0.304741,0.000000,0.1600,0.0600,0,2,1
2016-02-24 01:00,0.313561,0.000000,0.1600,0.0600,1,2,1
2016-02-24 02:00,0.299592,0.000000,0.1600,0.0600,2,2,1
2016-02-24 03:00,0.282783,0.000000,0.1600,0.0600,3,2,1
2016-02-24 04:00,0.302104,0.000000,0.1600,0.0600,4,2,1
2016-02-24 05:00,0.328492,0.000000,0.1600,0.0600,5,2,1
2016-02-24 06:00,0.306938,0.000000,0.1600,0.0600,6,2,1
2016-02-24 07:00,0.417161,0.000279,0.2200,0.0600,7,2,1
2016-02-24 08:00,0.476076,0.014489,0.2200,0.0600,8,2,1
2016-02-24 09:00,0.505525,0.049900,0.2200,0.0600,9,2,1
2016-02-24 10:00,0.521838,0.083611,0.2200,0.0600,10,2,1
2016-02-24 11:00,0.514454,0.106263,0.2200,0.0600,11,2,1
2016-02-24 12:00,0.530889,0.113966,0.2200,0.0600,12,2,1
2016-02-24 13:00,0.544407,0.105618,0.2200,0.0600,13,2,1
2016-02-24 14:00,0.527872,0.082419,0.2200,0.0600,14,2,1
2016-02-24 15:00,0.530135,0.048401,0.2200,0.0600,15,2,1
2016-02-24 16:00,0.495375,0.013283,0.2200,0.0600,16,2,1
2016-02-24 17:00,0.518388,0.000227,0.3400,0.0600,17,2,1
2016-02-24 18:00,0.506225,0.000000,0.3400,0.0600,18,2,1
2016-02-24 19:00,0.498061,0.000000,0.3400,0.0600,19,2,1
2016-02-24 20:00,0.443144,0.000000,0.3400,0.0600,20,2,1
2016-02-24 21:00,0.334577,0.000000,0.3400,0.0600,21,2,1
2016-02-24 22:00,0.262392,0.000000,0.1600,0.0600,22,2,1
2016-02-24 23:00,0.227286,0.000000,0.1600,0.0600,23,2,1
2016-02-25 00:00,0.312940,0.000000,0.1600,0.0600,0,3,1
2016-02-25 01:00,0.312321,0.000000,0.1600,0.0600,1,3,1
2016-02-25 02:00,0.317922,0.000000,0.1600,0.0600,2,3,1
2016-02-25 03:00,0.330472,0.000000,0.1600,0.0600,3,3,1
2016-02-25 04:00,0.364205,0.000000,0.1600,0.0600,4,3,1
2016-02-25 05:00,0.401910,0.000000,0.1600,0.0600,5,3,1
2016-02-25 06:00,0.329200,0.000000,0.1600,0.0600,6,3,1
2016-02-25 07:00,0.399540,0.000498,0.2200,0.0600,7,3,1
2016-02-25 08:00,0.474189,0.024253,0.2200,0.0600,8,3,1
2016-02-25 09:00,0.492248,0.079936,0.2200,0.0600,9,3,1
2016-02-25 10:00,0.474727,0.132400,0.2200,0.0600,10,3,1
2016-02-25 11:00,0.478752,0.167540,0.2200,0.0600,11,3,1
2016-02-25 12:00,0.523426,0.179444,0.2200,0.0600,12,3,1
2016-02-25 13:00,0.557044,0.166436,0.2200,0.0600,13,3,1
2016-02-25 14:00,0.568488,0.130355,0.2200,0.0600,14,3,1
2016-02-25 15:00,0.535170,0.077352,0.2200,0.0600,15,3,1
2016-02-25 16:00,0.446087,0.022129,0.2200,0.0600,16,3,1
2016-02-25 17:00,0.487252,0.000410,0.3400,0.0600,17,3,1
2016-02-25 18:00,0.462447,0.000000,0.3400,0.0600,18,3,1
2016-02-25 19:00,0.479764,0.000000,0.3400,0.0600,19,3,1
2016-02-25 20:00,0.398017,0.000000,0.3400,0.0600,20,3,1
2016-02-25 21:00,0.348241,0.000000,0.3400,0.0600,21,3,1
2016-02-25 22:00,0.248165,0.000000,0.1600,0.0600,22,3,1
2016-02-25 23:00,0.194974,0.000000,0.1600,0.0600,23,3,1
2016-02-26 00:00,0.314668,0.000000,0.1600,0.0600,0,4,1
2016-02-26 01:00,0.306314,0.000000,0.1600,0.0600,1,4,1
2016-02-26 02:00,0.335540,0.000000,0.1600,0.0600,2,4,1
2016-02-26 03:00,0.339874,0.000000,0.1600,0.0600,3,4,1
2016-02-26 04:00,0.345309,0.000000,0.1600,0.0600,4,4,1
2016-02-26 05:00,0.364226,0.000000,0.1600,0.0600,5,4,1
2016-02-26 06:00,0.293519,0.000000,0.1600,0.0600,6,4,1
2016-02-26 07:00,0.388246,0.000421,0.2200,0.0600,7,4,1
2016-02-26 08:00,0.450759,0.019484,0.2200,0.0600,8,4,1
2016-02-26 09:00,0.486859,0.061597,0.2200,0.0600,9,4,1
2016-02-26 10:00,0.492122,0.100888,0.2200,0.0600,10,4,1
2016-02-26 11:00,0.529191,0.127122,0.2200,0.0600,11,4,1
2016-02-26 12:00,0.516649,0.135973,0.2200,0.0600,12,4,1
2016-02-26 13:00,0.566072,0.126213,0.2200,0.0600,13,4,1
2016-02-26 14:00,0.531655,0.099202,0.2200,0.0600,14,4,1
2016-02-26 15:00,0.543541,0.059458,0.2200,0.0600,15,4,1
2016-02-26 16:00,0.549594,0.017688,0.2200,0.0600,16,4,1
2016-02-26 17:00,0.509250,0.000349,0.3400,0.0600,17,4,1
2016-02-26 18:00,0.478129,0.000000,0.3400,0.0600,18,4,1
2016-02-26 19:00,0.464249,0.000000,0.3400,0.0600,19,4,1
2016-02-26 20:00,0.415404,0.000000,0.3400,0.0600,20,4,1
2016-02-26 21:00,0.357818,0.000000,0.3400,0.0600,21,4,1
2016-02-26 22:00,0.308360,0.000000,0.1600,0.0600,22,4,1
2016-02-26 23:00,0.266313,0.000000,0.1600,0.0600,23,4,1
2016-02-27 00:00,0.413778,0.000000,0.2000,0.0600,0,5,0
2016-02-27 01:00,0.406119,0.000000,0.2000,0.0600,1,5,0
2016-02-27 02:00,0.417759,0.000000,0.2000,0.0600,2,5,0
2016-02-27 03:00,0.417872,0.000000,0.2000,0.0600,3,5,0
2016-02-27 04:00,0.389962,0.000000,0.2000,0.0600,4,5,0
2016-02-27 05:00,0.443291,0.000000,0.2000,0.0600,5,5,0
2016-02-27 06:00,0.385564,0.000000,0.2000,0.0600,6,5,0
2016-02-27 07:00,0.475459,0.000486,0.2000,0.0600,7,5,0
2016-02-27 08:00,0.516597,0.021572,0.2000,0.0600,8,5,0
2016-02-27 09:00,0.534009,0.065561,0.2000,0.0600,9,5,0
2016-02-27 10:00,0.563750,0.106220,0.2000,0.0600,10,5,0
2016-02-27 11:00,0.532931,0.133282,0.2000,0.0600,11,5,0
2016-02-27 12:00,0.561452,0.142374,0.2000,0.0600,12,5,0
2016-02-27 13:00,0.573242,0.132250,0.2000,0.0600,13,5,0
2016-02-27 14:00,0.573937,0.104303,0.2000,0.0600,14,5,0
2016-02-27 15:00,0.526756,0.063120,0.2000,0.0600,15,5,0
2016-02-27 16:00,0.525812,0.019483,0.2000,0.0600,16,5,0
2016-02-27 17:00,0.537186,0.000404,0.2000,0.0600,17,5,0
2016-02-27 18:00,0.518725,0.000000,0.2000,0.0600,18,5,0
2016-02-27 19:00,0.475319,0.000000,0.2000,0.0600,19,5,0
2016-02-27 20:00,0.443108,0.000000,0.2000,0.0600,20,5,0
2016-02-27 21:00,0.425473,0.000000,0.2000,0.0600,21,5,0
2016-02-27 22:00,0.364049,0.000000,0.2000,0.0600,22,5,0
2016-02-27 23:00,0.304493,0.000000,0.2000,0.0600,23,5,0
2016-02-28 00:00,0.422627,0.000000,0.2000,0.0600,0,6,0
2016-02-28 01:00,0.404256,0.000000,0.2000,0.0600,1,6,0
2016-02-28 02:00,0.392557,0.000000,0.2000,0.0600,2,6,0
2016-02-28 03:00,0.422212,0.000000,0.2000,0.0600,3,6,0
2016-02-28 04:00,0.414603,0.000000,0.2000,0.0600,4,6,0
2016-02-28 05:00,0.456124,0.000000,0.2000,0.0600,5,6,0
2016-02-28 06:00,0.359595,0.000000,0.2000,0.0600,6,6,0
2016-02-28 07:00,0.420610,0.000509,0.2000,0.0600,7,6,0
2016-02-28 08:00,0.488467,0.021884,0.2000,0.0600,8,6,0
2016-02-28 09:00,0.492261,0.064065,0.2000,0.0600,9,6,0
2016-02-28 10:00,0.495069,0.102707,0.2000,0.0600,10,6,0
2016-02-28 11:00,0.545840,0.128348,0.2000,0.0600,11,6,0
2016-02-28 12:00,0.551678,0.136923,0.2000,0.0600,12,6,0
2016-02-28 13:00,0.571090,0.127274,0.2000,0.0600,13,6,0
2016-02-28 14:00,0.558413,0.100710,0.2000,0.0600,14,6,0
2016-02-28 15:00,0.569817,0.061512,0.2000,0.0600,15,6,0
2016-02-28 16:00,0.531874,0.019659,0.2000,0.0600,16,6,0
2016-02-28 17:00,0.525719,0.000424,0.2000,0.0600,17,6,0
2016-02-28 18:00,0.521127,0.000000,0.2000,0.0600,18,6,0
2016-02-28 19:00,0.517021,0.000000,0.2000,0.0600,19,6,0
2016-02-28 20:00,0.460604,0.000000,0.2000,0.0600,20,6,0
2016-02-28 21:00,0.401676,0.000000,0.2000,0.0600,21,6,0
2016-02-28 22:00,0.331162,0.000000,0.2000,0.0600,22,6,0
2016-02-28 23:00,0.273611,0.000000,0.2000,0.0600,23,6,0
2016-02-29 00:00,0.295870,0.000000,0.1600,0.0600,0,0,1
2016-02-29 01:00,0.326527,0.000000,0.1600,0.0600,1,0,1
2016-02-29 02:00,0.299157,0.000000,0.1600,0.0600,2,0,1
2016-02-29 03:00,0.313698,0.000000,0.1600,0.0600,3,0,1
2016-02-29 04:00,0.349508,0.000000,0.1600,0.0600,4,0,1
2016-02-29 05:00,0.331720,0.000000,0.1600,0.0600,5,0,1
2016-02-29 06:00,0.275021,0.000000,0.1600,0.0600,6,0,1
2016-02-29 07:00,0.380920,0.000643,0.2200,0.0600,7,0,1
2016-02-29 08:00,0.470994,0.026928,0.2200,0.0600,8,0,1
2016-02-29 09:00,0.485357,0.076078,0.2200,0.0600,9,0,1
2016-02-29 10:00,0.444442,0.120725,0.2200,0.0600,10,0,1
2016-02-29 11:00,0.502709,0.150261,0.2200,0.0600,11,0,1
2016-02-29 12:00,0.525204,0.160089,0.2200,0.0600,12,0,1
2016-02-29 13:00,0.565869,0.148905,0.2200,0.0600,13,0,1
2016-02-29 14:00,0.543653,0.118202,0.2200,0.0600,14,0,1
2016-02-29 15:00,0.532201,0.072841,0.2200,0.0600,15,0,1
2016-02-29 16:00,0.511835,0.024059,0.2200,0.0600,16,0,1
2016-02-29 17:00,0.519755,0.000536,0.3400,0.0600,17,0,1
2016-02-29 18:00,0.495118,0.000000,0.3400,0.0600,18,0,1
2016-02-29 19:00,0.469797,0.000000,0.3400,0.0600,19,0,1
2016-02-29 20:00,0.434294,0.000000,0.3400,0.0600,20,0,1
2016-02-29 21:00,0.362692,0.000000,0.3400,0.0600,21,0,1
2016-02-29 22:00,0.291495,0.000000,0.1600,0.0600,22,0,1
2016-02-29 23:00,0.252109,0.000000,0.1600,0.0600,23,0,1
2016-03-01 00:00,0.340316,0.000000,0.1600,0.0600,0,1,1
2016-03-01 01:00,0.336340,0.000000,0.1600,0.0600,1,1,1
2016-03-01 02:00,0.363531,0.000000,0.1600,0.0600,2,1,1
2016-03-01 03:00,0.371372,0.000000,0.1600,0.0600,3,1,1
2016-03-01 04:00,0.344308,0.000000,0.1600,0.0600,4,1,1
2016-03-01 05:00,0.388988,0.000000,0.1600,0.0600,5,1,1
2016-03-01 06:00,0.355028,0.000000,0.1600,0.0600,6,1,1
2016-03-01 07:00,0.431379,0.000652,0.2200,0.0600,7,1,1
2016-03-01 08:00,0.492446,0.026731,0.2200,0.0600,8,1,1
2016-03-01 09:00,0.501405,0.073013,0.2200,0.0600,9,1,1
2016-03-01 10:00,0.517443,0.114717,0.2200,0.0600,10,1,1
2016-03-01 11:00,0.529991,0.142222,0.2200,0.0600,11,1,1
2016-03-01 12:00,0.526517,0.151329,0.2200,0.0600,12,1,1
2016-03-01 13:00,0.547875,0.140843,0.2200,0.0600,13,1,1
2016-03-01 14:00,0.541783,0.112146,0.2200,0.0600,14,1,1
2016-03-01 15:00,0.533349,0.069704,0.2200,0.0600,15,1,1
2016-03-01 16:00,0.474826,0.023751,0.2200,0.0600,16,1,1
2016-03-01 17:00,0.483921,0.000544,0.3400,0.0600,17,1,1
2016-03-01 18:00,0.471656,0.000000,0.3400,0.0600,18,1,1
2016-03-01 19:00,0.448982,0.000000,0.3400,0.0600,19,1,1
2016-03-01 20:00,0.399659,0.000000,0.3400,0.0600,20,1,1
2016-03-01 21:00,0.338276,0.000000,0.3400,0.0600,21,1,1
2016-03-01 22:00,0.287066,0.000000,0.1600,0.0600,22,1,1
2016-03-01 23:00,0.252305,0.000000,0.1600,0.0600,23,1,1
2016-03-02 00:00,0.326785,0.000000,0.1600,0.0600,0,2,1
2016-03-02 01:00,0.329699,0.000000,0.1600,0.0600,1,2,1
2016-03-02 02:00,0.305303,0.000000,0.1600,0.0600,2,2,1
2016-03-02 03:00,0.294522,0.000000,0.1600,0.0600,3,2,1
2016-03-02 04:00,0.352969,0.000000,0.1600,0.0600,4,2,1
2016-03-02 05:00,0.369527,0.000000,0.1600,0.0600,5,2,1
2016-03-02 06:00,0.303594,0.000000,0.1600,0.0600,6,2,1
2016-03-02 07:00,0.392139,0.000761,0.2200,0.0600,7,2,1
2016-03-02 08:00,0.449293,0.030668,0.2200,0.0600,8,2,1
2016-03-02 09:00,0.461836,0.081122,0.2200,0.0600,9,2,1
2016-03-02 10:00,0.483336,0.126236,0.2200,0.0600,10,2,1
2016-03-02 11:00,0.524941,0.155902,0.2200,0.0600,11,2,1
2016-03-02 12:00,0.551889,0.165672,0.2200,0.0600,12,2,1
2016-03-02 13:00,0.531992,0.154281,0.2200,0.0600,13,2,1
2016-03-02 14:00,0.548535,0.123211,0.2200,0.0600,14,2,1
2016-03-02 15:00,0.532528,0.077215,0.2200,0.0600,15,2,1
2016-03-02 16:00,0.536732,0.027099,0.2200,0.0600,16,2,1
2016-03-02 17:00,0.531943,0.000634,0.3400,0.0600,17,2,1
2016-03-02 18:00,0.470890,0.000000,0.3400,0.0600,18,2,1
2016-03-02 19:00,0.453742,0.000000,0.3400,0.0600,19,2,1
2016-03-02 20:00,0.414905,0.000000,0.3400,0.0600,20,2,1
2016-03-02 21:00,0.337104,0.000000,0.3400,0.0600,21,2,1
2016-03-02 22:00,0.291447,0.000000,0.1600,0.0600,22,2,1
2016-03-02 23:00,0.251438,0.000000,0.1600,0.0600,23,2,1
2016-03-03 00:00,0.316464,0.000000,0.1600,0.0600,0,3,1
2016-03-03 01:00,0.310904,0.000000,0.1600,0.0600,1,3,1
2016-03-03 02:00,0.335723,0.000000,0.1600,0.0600,2,3,1
2016-03-03 03:00,0.319200,0.000000,0.1600,0.0600,3,3,1
2016-03-03 04:00,0.355609,0.000000,0.1600,0.0600,4,3,1
2016-03-03 05:00,0.380500,0.000000,0.1600,0.0600,5,3,1
2016-03-03 06:00,0.297616,0.000000,0.1600,0.0600,6,3,1
2016-03-03 07:00,0.419615,0.000712,0.2200,0.0600,7,3,1
2016-03-03 08:00,0.477259,0.028289,0.2200,0.0600,8,3,1
2016-03-03 09:00,0.508653,0.072579,0.2200,0.0600,9,3,1
2016-03-03 10:00,0.489448,0.111891,0.2200,0.0600,10,3,1
2016-03-03 11:00,0.485698,0.137667,0.2200,0.0600,11,3,1
2016-03-03 12:00,0.491565,0.146108,0.2200,0.0600,12,3,1
2016-03-03 13:00,0.543816,0.136136,0.2200,0.0600,13,3,1
2016-03-03 14:00,0.531442,0.109032,0.2200,0.0600,14,3,1
2016-03-03 15:00,0.531559,0.068875,0.2200,0.0600,15,3,1
2016-03-03 16:00,0.520660,0.024858,0.2200,0.0600,16,3,1
2016-03-03 17:00,0.487411,0.000592,0.3400,0.0600,17,3,1
2016-03-03 18:00,0.472224,0.000000,0.3400,0.0600,18,3,1
2016-03-03 19:00,0.462464,0.000000,0.3400,0.0600,19,3,1
2016-03-03 20:00,0.417184,0.000000,0.3400,0.0600,20,3,1
2016-03-03 21:00,0.355663,0.000000,0.3400,0.0600,21,3,1
2016-03-03 22:00,0.281651,0.000000,0.1600,0.0600,22,3,1
2016-03-03 23:00,0.241026,0.000000,0.1600,0.0600,23,3,1
2016-03-04 00:00,0.346422,0.000000,0.1600,0.0600,0,4,1
2016-03-04 01:00,0.312142,0.000000,0.1600,0.0600,1,4,1
2016-03-04 02:00,0.331088,0.000000,0.1600,0.0600,2,4,1
2016-03-04 03:00,0.315742,0.000000,0.1600,0.0600,3,4,1
2016-03-04 04:00,0.312107,0.000000,0.1600,0.0600,4,4,1
2016-03-04 05:00,0.337535,0.000000,0.1600,0.0600,5,4,1
2016-03-04 06:00,0.285085,0.000000,0.1600,0.0600,6,4,1
2016-03-04 07:00,0.395175,0.001196,0.2200,0.0600,7,4,1
2016-03-04 08:00,0.420249,0.036309,0.2200,0.0600,8,4,1
2016-03-04 09:00,0.446233,0.090487,0.2200,0.0600,9,4,1
2016-03-04 10:00,0.454307,0.138242,0.2200,0.0600,10,4,1
2016-03-04 11:00,0.469676,0.169462,0.2200,0.0600,11,4,1
2016-03-04 12:00,0.536653,0.179625,0.2200,0.0600,12,4,1
2016-03-04 13:00,0.549287,0.167452,0.2200,0.0600,13,4,1
2016-03-04 14:00,0.507241,0.134485,0.2200,0.0600,14,4,1
2016-03-04 15:00,0.510738,0.085606,0.2200,0.0600,15,4,1
2016-03-04 16:00,0.484563,0.031728,0.2200,0.0600,16,4,1
2016-03-04 17:00,0.459268,0.000767,0.3400,0.0600,17,4,1
2016-03-04 18:00,0.444898,0.000000,0.3400,0.0600,18,4,1
2016-03-04 19:00,0.421560,0.000000,0.3400,0.0600,19,4,1
2016-03-04 20:00,0.396554,0.000000,0.3400,0.0600,20,4,1
2016-03-04 21:00,0.346074,0.000000,0.3400,0.0600,21,4,1
2016-03-04 22:00,0.295497,0.000000,0.1600,0.0600,22,4,1
2016-03-04 23:00,0.275013,0.000000,0.1600,0.0600,23,4,1
2016-03-05 00:00,0.417915,0.000000,0.2000,0.0600,0,5,0
2016-03-05 01:00,0.443418,0.000000,0.2000,0.0600,1,5,0
2016-03-05 02:00,0.444909,0.000000,0.2000,0.0600,2,5,0
2016-03-05 03:00,0.390737,0.000000,0.2000,0.0600,3,5,0
2016-03-05 04:00,0.387027,0.000000,0.2000,0.0600,4,5,0
2016-03-05 05:00,0.444636,0.000000,0.2000,0.0600,5,5,0
2016-03-05 06:00,0.401828,0.000000,0.2000,0.0600,6,5,0
2016-03-05 07:00,0.454610,0.001504,0.2000,0.0600,7,5,0
2016-03-05 08:00,0.515978,0.035587,0.2000,0.0600,8,5,0
2016-03-05 09:00,0.546344,0.086266,0.2000,0.0600,9,5,0
2016-03-05 10:00,0.540043,0.130639,0.2000,0.0600,10,5,0
2016-03-05 11:00,0.507202,0.159565,0.2000,0.0600,11,5,0
2016-03-05 12:00,0.541931,0.168923,0.2000,0.0600,12,5,0
2016-03-05 13:00,0.545543,0.157552,0.2000,0.0600,13,5,0
2016-03-05 14:00,0.512250,0.126873,0.2000,0.0600,14,5,0
2016-03-05 15:00,0.535751,0.081358,0.2000,0.0600,15,5,0
2016-03-05 16:00,0.521649,0.030924,0.2000,0.0600,16,5,0
2016-03-05 17:00,0.515276,0.000757,0.2000,0.0600,17,5,0
2016-03-05 18:00,0.507995,0.000000,0.2000,0.0600,18,5,0
2016-03-05 19:00,0.474660,0.000000,0.2000,0.0600,19,5,0
2016-03-05 20:00,0.459374,0.000000,0.2000,0.0600,20,5,0
2016-03-05 21:00,0.395939,0.000000,0.2000,0.0600,21,5,0
2016-03-05 22:00,0.354747,0.000000,0.2000,0.0600,22,5,0
2016-03-05 23:00,0.301616,0.000000,0.2000,0.0600,23,5,0
2016-03-06 00:00,0.382657,0.000000,0.2000,0.0600,0,6,0
2016-03-06 01:00,0.386198,0.000000,0.2000,0.0600,1,6,0
2016-03-06 02:00,0.360716,0.000000,0.2000,0.0600,2,6,0
2016-03-06 03:00,0.364108,0.000000,0.2000,0.0600,3,6,0
2016-03-06 04:00,0.370935,0.000000,0.2000,0.0600,4,6,0
2016-03-06 05:00,0.381200,0.000000,0.2000,0.0600,5,6,0
2016-03-06 06:00,0.375933,0.000000,0.2000,0.0600,6,6,0
2016-03-06 07:00,0.464172,0.002458,0.2000,0.0600,7,6,0
2016-03-06 08:00,0.527674,0.046689,0.2000,0.0600,8,6,0
2016-03-06 09:00,0.557569,0.110234,0.2000,0.0600,9,6,0
2016-03-06 10:00,0.545352,0.165518,0.2000,0.0600,10,6,0
2016-03-06 11:00,0.565627,0.201453,0.2000,0.0600,11,6,0
2016-03-06 12:00,0.612873,0.213005,0.2000,0.0600,12,6,0
2016-03-06 13:00,0.624613,0.198757,0.2000,0.0600,13,6,0
2016-03-06 14:00,0.580481,0.160468,0.2000,0.0600,14,6,0
2016-03-06 15:00,0.549547,0.103636,0.2000,0.0600,15,6,0
2016-03-06 16:00,0.534945,0.040349,0.2000,0.0600,16,6,0
2016-03-06 17:00,0.486848,0.001018,0.2000,0.0600,17,6,0
2016-03-06 18:00,0.498361,0.000000,0.2000,0.0600,18,6,0
2016-03-06 19:00,0.482820,0.000000,0.2000,0.0600,19,6,0
2016-03-06 20:00,0.436788,0.000000,0.2000,0.0600,20,6,0
2016-03-06 21:00,0.433427,0.000000,0.2000,0.0600,21,6,0
2016-03-06 22:00,0.361830,0.000000,0.2000,0.0600,22,6,0
2016-03-06 23:00,0.327272,0.000000,0.2000,0.0600,23,6,0
2016-03-07 00:00,0.335076,0.000000,0.1600,0.0600,0,0,1
2016-03-07 01:00,0.332265,0.000000,0.1600,0.0600,1,0,1
2016-03-07 02:00,0.326970,0.000000,0.1600,0.0600,2,0,1
2016-03-07 03:00,0.315083,0.000000,0.1600,0.0600,3,0,1
2016-03-07 04:00,0.343473,0.000000,0.1600,0.0600,4,0,1
2016-03-07 05:00,0.380319,0.000000,0.1600,0.0600,5,0,1
2016-03-07 06:00,0.310608,0.000000,0.1600,0.0600,6,0,1
2016-03-07 07:00,0.395522,0.002635,0.2200,0.0600,7,0,1
2016-03-07 08:00,0.465237,0.041193,0.2200,0.0600,8,0,1
2016-03-07 09:00,0.499203,0.094843,0.2200,0.0600,9,0,1
2016-03-07 10:00,0.556857,0.141235,0.2200,0.0600,10,0,1
2016-03-07 11:00,0.526611,0.171305,0.2200,0.0600,11,0,1
2016-03-07 12:00,0.558186,0.180907,0.2200,0.0600,12,0,1
2016-03-07 13:00,0.567584,0.168878,0.2200,0.0600,13,0,1
2016-03-07 14:00,0.553215,0.136687,0.2200,0.0600,14,0,1
2016-03-07 15:00,0.500178,0.088885,0.2200,0.0600,15,0,1
2016-03-07 16:00,0.499018,0.035405,0.2200,0.0600,16,0,1
2016-03-07 17:00,0.489730,0.001122,0.3400,0.0600,17,0,1
2016-03-07 18:00,0.485964,0.000000,0.3400,0.0600,18,0,1
2016-03-07 19:00,0.491679,0.000000,0.3400,0.0600,19,0,1
2016-03-07 20:00,0.450698,0.000000,0.3400,0.0600,20,0,1
2016-03-07 21:00,0.371247,0.000000,0.3400,0.0600,21,0,1
2016-03-07 22:00,0.302167,0.000000,0.1600,0.0600,22,0,1
2016-03-07 23:00,0.246486,0.000000,0.1600,0.0600,23,0,1
2016-03-08 00:00,0.336728,0.000000,0.1600,0.0600,0,1,1
2016-03-08 01:00,0.313934,0.000000,0.1600,0.0600,1,1,1
2016-03-08 02:00,0.291085,0.000000,0.1600,0.0600,2,1,1
2016-03-08 03:00,0.317388,0.000000,0.1600,0.0600,3,1,1
2016-03-08 04:00,0.358216,0.000000,0.1600,0.0600,4,1,1
2016-03-08 05:00,0.367662,0.000000,0.1600,0.0600,5,1,1
2016-03-08 06:00,0.316917,0.000000,0.1600,0.0600,6,1,1
2016-03-08 07:00,0.420881,0.003416,0.2200,0.0600,7,1,1
2016-03-08 08:00,0.494719,0.044878,0.2200,0.0600,8,1,1
2016-03-08 09:00,0.503509,0.100882,0.2200,0.0600,9,1,1
2016-03-08 10:00,0.504582,0.149026,0.2200,0.0600,10,1,1
2016-03-08 11:00,0.499637,0.180143,0.2200,0.0600,11,1,1
2016-03-08 12:00,0.515236,0.190012,0.2200,0.0600,12,1,1
2016-03-08 13:00,0.524732,0.177449,0.2200,0.0600,13,1,1
2016-03-08 14:00,0.516334,0.143971,0.2200,0.0600,14,1,1
2016-03-08 15:00,0.488278,0.094244,0.2200,0.0600,15,1,1
2016-03-08 16:00,0.493291,0.038366,0.2200,0.0600,16,1,1
2016-03-08 17:00,0.512258,0.001489,0.3400,0.0600,17,1,1
2016-03-08 18:00,0.503854,0.000000,0.3400,0.0600,18,1,1
2016-03-08 19:00,0.449343,0.000000,0.3400,0.0600,19,1,1
2016-03-08 20:00,0.383484,0.000000,0.3400,0.0600,20,1,1
2016-03-08 21:00,0.325261,0.000000,0.3400,0.0600,21,1,1
2016-03-08 22:00,0.270602,0.000000,0.1600,0.0600,22,1,1
2016-03-08 23:00,0.248823,0.000000,0.1600,0.0600,23,1,1
2016-03-09 00:00,0.336638,0.000000,0.1600,0.0600,0,2,1
2016-03-09 01:00,0.329703,0.000000,0.1600,0.0600,1,2,1
2016-03-09 02:00,0.351917,0.000000,0.1600,0.0600,2,2,1
2016-03-09 03:00,0.299282,0.000000,0.1600,0.0600,3,2,1
2016-03-09 04:00,0.292136,0.000000,0.1600,0.0600,4,2,1
2016-03-09 05:00,0.311760,0.000000,0.1600,0.0600,5,2,1
2016-03-09 06:00,0.283190,0.000000,0.1600,0.0600,6,2,1
2016-03-09 07:00,0.350549,0.004308,0.2200,0.0600,7,2,1
2016-03-09 08:00,0.438382,0.048427,0.2200,0.0600,8,2,1
2016-03-09 09:00,0.488355,0.106395,0.2200,0.0600,9,2,1
2016-03-09 10:00,0.514766,0.155951,0.2200,0.0600,10,2,1
2016-03-09 11:00,0.510417,0.187891,0.2200,0.0600,11,2,1
2016-03-09 12:00,0.538711,0.197948,0.2200,0.0600,12,2,1
2016-03-09 13:00,0.577515,0.184930,0.2200,0.0600,13,2,1
2016-03-09 14:00,0.543078,0.150392,0.2200,0.0600,14,2,1
2016-03-09 15:00,0.513918,0.099079,0.2200,0.0600,15,2,1
2016-03-09 16:00,0.499096,0.041180,0.2200,0.0600,16,2,1
2016-03-09 17:00,0.464049,0.001917,0.3400,0.0600,17,2,1
2016-03-09 18:00,0.463629,0.000000,0.3400,0.0600,18,2,1
2016-03-09 19:00,0.446411,0.000000,0.3400,0.0600,19,2,1
2016-03-09 20:00,0.399038,0.000000,0.3400,0.0600,20,2,1
2016-03-09 21:00,0.354076,0.000000,0.3400,0.0600,21,2,1
2016-03-09 22:00,0.303120,0.000000,0.1600,0.0600,22,2,1
2016-03-09 23:00,0.205806,0.000000,0.1600,0.0600,23,2,1
2016-03-10 00:00,0.300870,0.000000,0.1600,0.0600,0,3,1
2016-03-10 01:00,0.303127,0.000000,0.1600,0.0600,1,3,1
2016-03-10 02:00,0.288886,0.000000,0.1600,0.0600,2,3,1
2016-03-10 03:00,0.303924,0.000000,0.1600,0.0600,3,3,1
2016-03-10 04:00,0.307726,0.000000,0.1600,0.0600,4,3,1
2016-03-10 05:00,0.344998,0.000000,0.1600,0.0600,5,3,1
2016-03-10 06:00,0.276432,0.000000,0.1600,0.0600,6,3,1
2016-03-10 07:00,0.325902,0.004081,0.2200,0.0600,7,3,1
2016-03-10 08:00,0.419389,0.039872,0.2200,0.0600,8,3,1
2016-03-10 09:00,0.500114,0.085707,0.2200,0.0600,9,3,1
2016-03-10 10:00,0.510380,0.124681,0.2200,0.0600,10,3,1
2016-03-10 11:00,0.521774,0.149732,0.2200,0.0600,11,3,1
2016-03-10 12:00,0.554000,0.157561,0.2200,0.0600,12,3,1
2016-03-10 13:00,0.540882,0.147252,0.2200,0.0600,13,3,1
2016-03-10 14:00,0.519639,0.120022,0.2200,0.0600,14,3,1
2016-03-10 15:00,0.503806,0.079560,0.2200,0.0600,15,3,1
2016-03-10 16:00,0.469886,0.033729,0.2200,0.0600,16,3,1
2016-03-10 17:00,0.435755,0.001850,0.3400,0.0600,17,3,1
2016-03-10 18:00,0.474297,0.000000,0.3400,0.0600,18,3,1
2016-03-10 19:00,0.456397,0.000000,0.3400,0.0600,19,3,1
2016-03-10 20:00,0.399096,0.000000,0.3400,0.0600,20,3,1
2016-03-10 21:00,0.327955,0.000000,0.3400,0.0600,21,3,1
2016-03-10 22:00,0.274049,0.000000,0.1600,0.0600,22,3,1
2016-03-10 23:00,0.241491,0.000000,0.1600,0.0600,23,3,1
2016-03-11 00:00,0.324273,0.000000,0.1600,0.0600,0,4,1
2016-03-11 01:00,0.325789,0.000000,0.1600,0.0600,1,4,1
2016-03-11 02:00,0.311906,0.000000,0.1600,0.0600,2,4,1
2016-03-11 03:00,0.320641,0.000000,0.1600,0.0600,3,4,1
2016-03-11 04:00,0.349445,0.000000,0.1600,0.0600,4,4,1
2016-03-11 05:00,0.362112,0.000000,0.1600,0.0600,5,4,1
2016-03-11 06:00,0.279476,0.000000,0.1600,0.0600,6,4,1
2016-03-11 07:00,0.365361,0.006954,0.2200,0.0600,7,4,1
2016-03-11 08:00,0.436602,0.059837,0.2200,0.0600,8,4,1
2016-03-11 09:00,0.472216,0.125964,0.2200,0.0600,9,4,1
2016-03-11 10:00,0.483998,0.181906,0.2200,0.0600,10,4,1
2016-03-11 11:00,0.502397,0.217762,0.2200,0.0600,11,4,1
2016-03-11 12:00,0.519352,0.228883,0.2200,0.0600,12,4,1
2016-03-11 13:00,0.540236,0.213979,0.2200,0.0600,13,4,1
2016-03-11 14:00,0.562605,0.174791,0.2200,0.0600,14,4,1
2016-03-11 15:00,0.524377,0.116559,0.2200,0.0600,15,4,1
2016-03-11 16:00,0.504136,0.050358,0.2200,0.0600,16,4,1
2016-03-11 17:00,0.497976,0.003203,0.3400,0.0600,17,4,1
2016-03-11 18:00,0.509780,0.000000,0.3400,0.0600,18,4,1
2016-03-11 19:00,0.504228,0.000000,0.3400,0.0600,19,4,1
2016-03-11 20:00,0.465799,0.000000,0.3400,0.0600,20,4,1
2016-03-11 21:00,0.376555,0.000000,0.3400,0.0600,21,4,1
2016-03-11 22:00,0.312183,0.000000,0.1600,0.0600,22,4,1
2016-03-11 23:00,0.254859,0.000000,0.1600,0.0600,23,4,1
2016-03-12 00:00,0.368482,0.000000,0.2000,0.0600,0,5,0
2016-03-12 01:00,0.341514,0.000000,0.2000,0.0600,1,5,0
2016-03-12 02:00,0.362601,0.000000,0.2000,0.0600,2,5,0
2016-03-12 03:00,0.393400,0.000000,0.2000,0.0600,3,5,0
2016-03-12 04:00,0.405413,0.000000,0.2000,0.0600,4,5,0
2016-03-12 05:00,0.401962,0.000000,0.2000,0.0600,5,5,0
2016-03-12 06:00,0.369747,0.000000,0.2000,0.0600,6,5,0
2016-03-12 07:00,0.461413,0.007626,0.2000,0.0600,7,5,0
2016-03-12 08:00,0.526400,0.058473,0.2000,0.0600,8,5,0
2016-03-12 09:00,0.540303,0.120659,0.2000,0.0600,9,5,0
2016-03-12 10:00,0.541952,0.173009,0.2000,0.0600,10,5,0
2016-03-12 11:00,0.554646,0.206471,0.2000,0.0600,11,5,0
2016-03-12 12:00,0.607556,0.216767,0.2000,0.0600,12,5,0
2016-03-12 13:00,0.602501,0.202716,0.2000,0.0600,13,5,0
2016-03-12 14:00,0.617495,0.165942,0.2000,0.0600,14,5,0
2016-03-12 15:00,0.557293,0.111297,0.2000,0.0600,15,5,0
2016-03-12 16:00,0.553585,0.048962,0.2000,0.0600,16,5,0
2016-03-12 17:00,0.542345,0.003564,0.2000,0.0600,17,5,0
2016-03-12 18:00,0.551497,0.000000,0.2000,0.0600,18,5,0
2016-03-12 19:00,0.533599,0.000000,0.2000,0.0600,19,5,0
2016-03-12 20:00,0.499259,0.000000,0.2000,0.0600,20,5,0
2016-03-12 21:00,0.454596,0.000000,0.2000,0.0600,21,5,0
2016-03-12 22:00,0.382442,0.000000,0.2000,0.0600,22,5,0
2016-03-12 23:00,0.323724,0.000000,0.2000,0.0600,23,5,0
2016-03-13 00:00,0.411081,0.000000,0.2000,0.0600,0,6,0
2016-03-13 01:00,0.418821,0.000000,0.2000,0.0600,1,6,0
2016-03-13 02:00,0.404474,0.000000,0.2000,0.0600,2,6,0
2016-03-13 03:00,0.385355,0.000000,0.2000,0.0600,3,6,0
2016-03-13 04:00,0.388853,0.000000,0.2000,0.0600,4,6,0
2016-03-13 05:00,0.440939,0.000000,0.2000,0.0600,5,6,0
2016-03-13 06:00,0.389920,0.000000,0.2000,0.0600,6,6,0
2016-03-13 07:00,0.424844,0.007002,0.2000,0.0600,7,6,0
2016-03-13 08:00,0.506392,0.048338,0.2000,0.0600,8,6,0
2016-03-13 09:00,0.515602,0.097859,0.2000,0.0600,9,6,0
2016-03-13 10:00,0.566004,0.139351,0.2000,0.0600,10,6,0
2016-03-13 11:00,0.565949,0.165800,0.2000,0.0600,11,6,0
2016-03-13 12:00,0.592179,0.173872,0.2000,0.0600,12,6,0
2016-03-13 13:00,0.605136,0.162650,0.2000,0.0600,13,6,0
2016-03-13 14:00,0.582121,0.133418,0.2000,0.0600,14,6,0
2016-03-13 15:00,0.550008,0.089983,0.2000,0.0600,15,6,0
2016-03-13 16:00,0.514118,0.040276,0.2000,0.0600,16,6,0
2016-03-13 17:00,0.515883,0.003315,0.2000,0.0600,17,6,0
2016-03-13 18:00,0.524364,0.000000,0.2000,0.0600,18,6,0
2016-03-13 19:00,0.513209,0.000000,0.2000,0.0600,19,6,0
2016-03-13 20:00,0.507308,0.000000,0.2000,0.0600,20,6,0
2016-03-13 21:00,0.433090,0.000000,0.2000,0.0600,21,6,0
2016-03-13 22:00,0.403549,0.000000,0.2000,0.0600,22,6,0
2016-03-13 23:00,0.336148,0.000000,0.2000,0.0600,23,6,0
2016-03-14 00:00,0.308804,0.000000,0.1600,0.0600,0,0,1
2016-03-14 01:00,0.300794,0.000000,0.1600,0.0600,1,0,1
2016-03-14 02:00,0.317850,0.000000,0.1600,0.0600,2,0,1
2016-03-14 03:00,0.326424,0.000000,0.1600,0.0600,3,0,1
2016-03-14 04:00,0.309165,0.000000,0.1600,0.0600,4,0,1
2016-03-14 05:00,0.350772,0.000000,0.1600,0.0600,5,0,1
2016-03-14 06:00,0.290862,0.000000,0.1600,0.0600,6,0,1
2016-03-14 07:00,0.381650,0.010408,0.2200,0.0600,7,0,1
2016-03-14 08:00,0.459083,0.065268,0.2200,0.0600,8,0,1
2016-03-14 09:00,0.435875,0.129742,0.2200,0.0600,9,0,1
2016-03-14 10:00,0.463119,0.183518,0.2200,0.0600,10,0,1
2016-03-14 11:00,0.506120,0.217705,0.2200,0.0600,11,0,1
2016-03-14 12:00,0.524945,0.228050,0.2200,0.0600,12,0,1
2016-03-14 13:00,0.539817,0.213390,0.2200,0.0600,13,0,1
2016-03-14 14:00,0.564466,0.175387,0.2200,0.0600,14,0,1
2016-03-14 15:00,0.546228,0.118929,0.2200,0.0600,15,0,1
2016-03-14 16:00,0.516711,0.054121,0.2200,0.0600,16,0,1
2016-03-14 17:00,0.489970,0.004984,0.3400,0.0600,17,0,1
2016-03-14 18:00,0.494825,0.000000,0.3400,0.0600,18,0,1
2016-03-14 19:00,0.521489,0.000000,0.3400,0.0600,19,0,1
2016-03-14 20:00,0.422628,0.000000,0.3400,0.0600,20,0,1
2016-03-14 21:00,0.366048,0.000000,0.3400,0.0600,21,0,1
2016-03-14 22:00,0.321844,0.000000,0.1600,0.0600,22,0,1
2016-03-14 23:00,0.284054,0.000000,0.1600,0.0600,23,0,1
2016-03-15 00:00,0.357145,0.000000,0.1600,0.0600,0,1,1
2016-03-15 01:00,0.347789,0.000000,0.1600,0.0600,1,1,1
2016-03-15 02:00,0.358284,0.000000,0.1600,0.0600,2,1,1
2016-03-15 03:00,0.339406,0.000000,0.1600,0.0600,3,1,1
2016-03-15 04:00,0.343992,0.000000,0.1600,0.0600,4,1,1
2016-03-15 05:00,0.353853,0.000000,0.1600,0.0600,5,1,1
2016-03-15 06:00,0.321742,0.000000,0.1600,0.0600,6,1,1
2016-03-15 07:00,0.380959,0.011432,0.2200,0.0600,7,1,1
2016-03-15 08:00,0.463078,0.065650,0.2200,0.0600,8,1,1
2016-03-15 09:00,0.521582,0.128239,0.2200,0.0600,9,1,1
2016-03-15 10:00,0.539505,0.180215,0.2200,0.0600,10,1,1
2016-03-15 11:00,0.552397,0.213170,0.2200,0.0600,11,1,1
2016-03-15 12:00,0.568205,0.223055,0.2200,0.0600,12,1,1
2016-03-15 13:00,0.608345,0.208771,0.2200,0.0600,13,1,1
2016-03-15 14:00,0.596584,0.171922,0.2200,0.0600,14,1,1
2016-03-15 15:00,0.551984,0.117188,0.2200,0.0600,15,1,1
2016-03-15 16:00,0.485334,0.054182,0.2200,0.0600,16,1,1
2016-03-15 17:00,0.464606,0.005533,0.3400,0.0600,17,1,1
2016-03-15 18:00,0.467620,0.000000,0.3400,0.0600,18,1,1
2016-03-15 19:00,0.437223,0.000000,0.3400,0.0600,19,1,1
2016-03-15 20:00,0.403270,0.000000,0.3400,0.0600,20,1,1
2016-03-15 21:00,0.326617,0.000000,0.3400,0.0600,21,1,1
2016-03-15 22:00,0.272244,0.000000,0.1600,0.0600,22,1,1
2016-03-15 23:00,0.201592,0.000000,0.1600,0.0600,23,1,1
2016-03-16 00:00,0.258912,0.000000,0.1600,0.0600,0,2,1
2016-03-16 01:00,0.267550,0.000000,0.1600,0.0600,1,2,1
2016-03-16 02:00,0.309016,0.000000,0.1600,0.0600,2,2,1
2016-03-16 03:00,0.323343,0.000000,0.1600,0.0600,3,2,1
2016-03-16 04:00,0.316961,0.000000,0.1600,0.0600,4,2,1
2016-03-16 05:00,0.341359,0.000000,0.1600,0.0600,5,2,1
2016-03-16 06:00,0.298317,0.000000,0.1600,0.0600,6,2,1
2016-03-16 07:00,0.421367,0.010110,0.2200,0.0600,7,2,1
2016-03-16 08:00,0.476598,0.053539,0.2200,0.0600,8,2,1
2016-03-16 09:00,0.512907,0.102844,0.2200,0.0600,9,2,1
2016-03-16 10:00,0.531660,0.143618,0.2200,0.0600,10,2,1
2016-03-16 11:00,0.549990,0.169400,0.2200,0.0600,11,2,1
2016-03-16 12:00,0.563815,0.177065,0.2200,0.0600,12,2,1
2016-03-16 13:00,0.546030,0.165767,0.2200,0.0600,13,2,1
2016-03-16 14:00,0.523981,0.136763,0.2200,0.0600,14,2,1
2016-03-16 15:00,0.504872,0.093695,0.2200,0.0600,15,2,1
2016-03-16 16:00,0.515095,0.043984,0.2200,0.0600,16,2,1
2016-03-16 17:00,0.466524,0.004940,0.3400,0.0600,17,2,1
2016-03-16 18:00,0.462719,0.000000,0.3400,0.0600,18,2,1
2016-03-16 19:00,0.447547,0.000000,0.3400,0.0600,19,2,1
2016-03-16 20:00,0.419587,0.000000,0.3400,0.0600,20,2,1
2016-03-16 21:00,0.385237,0.000000,0.3400,0.0600,21,2,1
2016-03-16 22:00,0.305734,0.000000,0.1600,0.0600,22,2,1
2016-03-16 23:00,0.281248,0.000000,0.1600,0.0600,23,2,1
2016-03-17 00:00,0.351981,0.000000,0.1600,0.0600,0,3,1
2016-03-17 01:00,0.312643,0.000000,0.1600,0.0600,1,3,1
2016-03-17 02:00,0.304441,0.000000,0.1600,0.0600,2,3,1
2016-03-17 03:00,0.341723,0.000000,0.1600,0.0600,3,3,1
2016-03-17 04:00,0.331560,0.000000,0.1600,0.0600,4,3,1
2016-03-17 05:00,0.355743,0.000000,0.1600,0.0600,5,3,1
2016-03-17 06:00,0.279794,0.000001,0.1600,0.0600,6,3,1
2016-03-17 07:00,0.385546,0.015780,0.2200,0.0600,7,3,1
2016-03-17 08:00,0.446386,0.077553,0.2200,0.0600,8,3,1
2016-03-17 09:00,0.501609,0.146601,0.2200,0.0600,9,3,1
2016-03-17 10:00,0.524881,0.203472,0.2200,0.0600,10,3,1
2016-03-17 11:00,0.546830,0.239337,0.2200,0.0600,11,3,1
2016-03-17 12:00,0.567954,0.249901,0.2200,0.0600,12,3,1
2016-03-17 13:00,0.584927,0.234010,0.2200,0.0600,13,3,1
2016-03-17 14:00,0.539980,0.193417,0.2200,0.0600,14,3,1
2016-03-17 15:00,0.533255,0.133157,0.2200,0.0600,15,3,1
2016-03-17 16:00,0.525573,0.063428,0.2200,0.0600,16,3,1
2016-03-17 17:00,0.513138,0.007779,0.3400,0.0600,17,3,1
2016-03-17 18:00,0.489051,0.000000,0.3400,0.0600,18,3,1
2016-03-17 19:00,0.447942,0.000000,0.3400,0.0600,19,3,1
2016-03-17 20:00,0.394114,0.000000,0.3400,0.0600,20,3,1
2016-03-17 21:00,0.340288,0.000000,0.3400,0.0600,21,3,1
2016-03-17 22:00,0.325583,0.000000,0.1600,0.0600,22,3,1
2016-03-17 23:00,0.274183,0.000000,0.1600,0.0600,23,3,1
2016-03-18 00:00,0.336384,0.000000,0.1600,0.0600,0,4,1
2016-03-18 01:00,0.317414,0.000000,0.1600,0.0600,1,4,1
2016-03-18 02:00,0.363661,0.000000,0.1600,0.0600,2,4,1
2016-03-18 03:00,0.356173,0.000000,0.1600,0.0600,3,4,1
2016-03-18 04:00,0.333921,0.000000,0.1600,0.0600,4,4,1
2016-03-18 05:00,0.340952,0.000000,0.1600,0.0600,5,4,1
2016-03-18 06:00,0.281715,0.000065,0.1600,0.0600,6,4,1
2016-03-18 07:00,0.407081,0.014805,0.2200,0.0600,7,4,1
2016-03-18 08:00,0.454893,0.067910,0.2200,0.0600,8,4,1
2016-03-18 09:00,0.496198,0.126411,0.2200,0.0600,9,4,1
2016-03-18 10:00,0.506658,0.174410,0.2200,0.0600,10,4,1
2016-03-18 11:00,0.532279,0.204599,0.2200,0.0600,11,4,1
2016-03-18 12:00,0.552144,0.213407,0.2200,0.0600,12,4,1
2016-03-18 13:00,0.569658,0.199881,0.2200,0.0600,13,4,1
2016-03-18 14:00,0.590356,0.165498,0.2200,0.0600,14,4,1
2016-03-18 15:00,0.532893,0.114478,0.2200,0.0600,15,4,1
2016-03-18 16:00,0.496111,0.055300,0.2200,0.0600,16,4,1
2016-03-18 17:00,0.482005,0.007358,0.3400,0.0600,17,4,1
2016-03-18 18:00,0.527149,0.000000,0.3400,0.0600,18,4,1
2016-03-18 19:00,0.518246,0.000000,0.3400,0.0600,19,4,1
2016-03-18 20:00,0.445278,0.000000,0.3400,0.0600,20,4,1
2016-03-18 21:00,0.379591,0.000000,0.3400,0.0600,21,4,1
2016-03-18 22:00,0.313957,0.000000,0.1600,0.0600,22,4,1
2016-03-18 23:00,0.232042,0.000000,0.1600,0.0600,23,4,1
2016-03-19 00:00,0.361559,0.000000,0.2000,0.0600,0,5,0
2016-03-19 01:00,0.370061,0.000000,0.2000,0.0600,1,5,0
2016-03-19 02:00,0.362807,0.000000,0.2000,0.0600,2,5,0
2016-03-19 03:00,0.358424,0.000000,0.2000,0.0600,3,5,0
2016-03-19 04:00,0.392373,0.000000,0.2000,0.0600,4,5,0
2016-03-19 05:00,0.427770,0.000000,0.2000,0.0600,5,5,0
2016-03-19 06:00,0.347180,0.000142,0.2000,0.0600,6,5,0
2016-03-19 07:00,0.444299,0.017939,0.2000,0.0600,7,5,0
2016-03-19 08:00,0.534889,0.077190,0.2000,0.0600,8,5,0
2016-03-19 09:00,0.532350,0.141582,0.2000,0.0600,9,5,0
2016-03-19 10:00,0.552646,0.194215,0.2000,0.0600,10,5,0
2016-03-19 11:00,0.565735,0.227232,0.2000,0.0600,11,5,0
2016-03-19 12:00,0.577788,0.236772,0.2000,0.0600,12,5,0
2016-03-19 13:00,0.599588,0.221811,0.2000,0.0600,13,5,0
2016-03-19 14:00,0.581790,0.183970,0.2000,0.0600,14,5,0
2016-03-19 15:00,0.583002,0.127841,0.2000,0.0600,15,5,0
2016-03-19 16:00,0.540393,0.062593,0.2000,0.0600,16,5,0
2016-03-19 17:00,0.521604,0.008982,0.2000,0.0600,17,5,0
2016-03-19 18:00,0.494219,0.000000,0.2000,0.0600,18,5,0
2016-03-19 19:00,0.478629,0.000000,0.2000,0.0600,19,5,0
2016-03-19 20:00,0.433299,0.000000,0.2000,0.0600,20,5,0
2016-03-19 21:00,0.394924,0.000000,0.2000,0.0600,21,5,0
2016-03-19 22:00,0.365497,0.000000,0.2000,0.0600,22,5,0
2016-03-19 23:00,0.332625,0.000000,0.2000,0.0600,23,5,0
2016-03-20 00:00,0.410433,0.000000,0.2000,0.0600,0,6,0
2016-03-20 01:00,0.398099,0.000000,0.2000,0.0600,1,6,0
2016-03-20 02:00,0.406879,0.000000,0.2000,0.0600,2,6,0
2016-03-20 03:00,0.415325,0.000000,0.2000,0.0600,3,6,0
2016-03-20 04:00,0.408445,0.000000,0.2000,0.0600,4,6,0
2016-03-20 05:00,0.426387,0.000000,0.2000,0.0600,5,6,0
2016-03-20 06:00,0.377959,0.000214,0.2000,0.0600,6,6,0
2016-03-20 07:00,0.492488,0.019935,0.2000,0.0600,7,6,0
2016-03-20 08:00,0.538422,0.080836,0.2000,0.0600,8,6,0
2016-03-20 09:00,0.538573,0.146184,0.2000,0.0600,9,6,0
2016-03-20 10:00,0.518965,0.199408,0.2000,0.0600,10,6,0
2016-03-20 11:00,0.533930,0.232707,0.2000,0.0600,11,6,0
2016-03-20 12:00,0.568837,0.242232,0.2000,0.0600,12,6,0
2016-03-20 13:00,0.579259,0.226971,0.2000,0.0600,13,6,0
2016-03-20 14:00,0.582899,0.188562,0.2000,0.0600,14,6,0
2016-03-20 15:00,0.566586,0.131617,0.2000,0.0600,15,6,0
2016-03-20 16:00,0.514711,0.065281,0.2000,0.0600,16,6,0
2016-03-20 17:00,0.501237,0.010052,0.2000,0.0600,17,6,0
2016-03-20 18:00,0.490693,0.000000,0.2000,0.0600,18,6,0
2016-03-20 19:00,0.487506,0.000000,0.2000,0.0600,19,6,0
2016-03-20 20:00,0.419394,0.000000,0.2000,0.0600,20,6,0
2016-03-20 21:00,0.370288,0.000000,0.2000,0.0600,21,6,0
2016-03-20 22:00,0.327196,0.000000,0.2000,0.0600,22,6,0
2016-03-20 23:00,0.282591,0.000000,0.2000,0.0600,23,6,0
2016-03-21 00:00,0.267353,0.000000,0.1600,0.0600,0,0,1
2016-03-21 01:00,0.304147,0.000000,0.1600,0.0600,1,0,1
2016-03-21 02:00,0.284351,0.000000,0.1600,0.0600,2,0,1
2016-03-21 03:00,0.290425,0.000000,0.1600,0.0600,3,0,1
2016-03-21 04:00,0.313123,0.000000,0.1600,0.0600,4,0,1
2016-03-21 05:00,0.377377,0.000000,0.1600,0.0600,5,0,1
2016-03-21 06:00,0.290074,0.000295,0.1600,0.0600,6,0,1
2016-03-21 07:00,0.383292,0.022544,0.2200,0.0600,7,0,1
2016-03-21 08:00,0.467993,0.086504,0.2200,0.0600,8,0,1
2016-03-21 09:00,0.520144,0.154323,0.2200,0.0600,9,0,1
2016-03-21 10:00,0.557823,0.209366,0.2200,0.0600,10,0,1
2016-03-21 11:00,0.557215,0.243714,0.2200,0.0600,11,0,1
2016-03-21 12:00,0.556120,0.253439,0.2200,0.0600,12,0,1
2016-03-21 13:00,0.564218,0.237516,0.2200,0.0600,13,0,1
2016-03-21 14:00,0.535770,0.197641,0.2200,0.0600,14,0,1
2016-03-21 15:00,0.512920,0.138552,0.2200,0.0600,15,0,1
2016-03-21 16:00,0.484892,0.069582,0.2200,0.0600,16,0,1
2016-03-21 17:00,0.488911,0.011442,0.3400,0.0600,17,0,1
2016-03-21 18:00,0.457304,0.000000,0.3400,0.0600,18,0,1
2016-03-21 19:00,0.461194,0.000000,0.3400,0.0600,19,0,1
2016-03-21 20:00,0.442979,0.000000,0.3400,0.0600,20,0,1
2016-03-21 21:00,0.386189,0.000000,0.3400,0.0600,21,0,1
2016-03-21 22:00,0.302279,0.000000,0.1600,0.0600,22,0,1
2016-03-21 23:00,0.241222,0.000000,0.1600,0.0600,23,0,1
2016-03-22 00:00,0.304448,0.000000,0.1600,0.0600,0,1,1
2016-03-22 01:00,0.301487,0.000000,0.1600,0.0600,1,1,1
2016-03-22 02:00,0.291285,0.000000,0.1600,0.0600,2,1,1
2016-03-22 03:00,0.279138,0.000000,0.1600,0.0600,3,1,1
2016-03-22 04:00,0.303923,0.000000,0.1600,0.0600,4,1,1
2016-03-22 05:00,0.357712,0.000000,0.1600,0.0600,5,1,1
2016-03-22 06:00,0.307380,0.000304,0.1600,0.0600,6,1,1
2016-03-22 07:00,0.421888,0.020242,0.2200,0.0600,7,1,1
2016-03-22 08:00,0.457400,0.073775,0.2200,0.0600,8,1,1
2016-03-22 09:00,0.468115,0.129908,0.2200,0.0600,9,1,1
2016-03-22 10:00,0.491042,0.175314,0.2200,0.0600,10,1,1
2016-03-22 11:00,0.487286,0.203575,0.2200,0.0600,11,1,1
2016-03-22 12:00,0.547750,0.211493,0.2200,0.0600,12,1,1
2016-03-22 13:00,0.557220,0.198240,0.2200,0.0600,13,1,1
2016-03-22 14:00,0.556442,0.165217,0.2200,0.0600,14,1,1
2016-03-22 15:00,0.516693,0.116309,0.2200,0.0600,15,1,1
2016-03-22 16:00,0.477414,0.059117,0.2200,0.0600,16,1,1
2016-03-22 17:00,0.474108,0.010337,0.3400,0.0600,17,1,1
2016-03-22 18:00,0.455055,0.000000,0.3400,0.0600,18,1,1
2016-03-22 19:00,0.450559,0.000000,0.3400,0.0600,19,1,1
2016-03-22 20:00,0.416827,0.000000,0.3400,0.0600,20,1,1
2016-03-22 21:00,0.321429,0.000000,0.3400,0.0600,21,1,1
2016-03-22 22:00,0.278363,0.000000,0.1600,0.0600,22,1,1
2016-03-22 23:00,0.227855,0.000000,0.1600,0.0600,23,1,1
2016-03-23 00:00,0.339917,0.000000,0.1600,0.0600,0,2,1
2016-03-23 01:00,0.322503,0.000000,0.1600,0.0600,1,2,1
2016-03-23 02:00,0.308669,0.000000,0.1600,0.0600,2,2,1
2016-03-23 03:00,0.298427,0.000000,0.1600,0.0600,3,2,1
2016-03-23 04:00,0.319703,0.000000,0.1600,0.0600,4,2,1
2016-03-23 05:00,0.368469,0.000000,0.1600,0.0600,5,2,1
2016-03-23 06:00,0.310837,0.000392,0.1600,0.0600,6,2,1
2016-03-23 07:00,0.421479,0.023553,0.2200,0.0600,7,2,1
2016-03-23 08:00,0.459269,0.081817,0.2200,0.0600,8,2,1
2016-03-23 09:00,0.473625,0.142274,0.2200,0.0600,9,2,1
2016-03-23 10:00,0.475285,0.191020,0.2200,0.0600,10,2,1
2016-03-23 11:00,0.478083,0.221281,0.2200,0.0600,11,2,1
2016-03-23 12:00,0.535645,0.229668,0.2200,0.0600,12,2,1
2016-03-23 13:00,0.561288,0.215313,0.2200,0.0600,13,2,1
2016-03-23 14:00,0.547168,0.179720,0.2200,0.0600,14,2,1
2016-03-23 15:00,0.526710,0.127034,0.2200,0.0600,15,2,1
2016-03-23 16:00,0.496311,0.065319,0.2200,0.0600,16,2,1
2016-03-23 17:00,0.504568,0.012098,0.3400,0.0600,17,2,1
2016-03-23 18:00,0.513189,0.000000,0.3400,0.0600,18,2,1
2016-03-23 19:00,0.490985,0.000000,0.3400,0.0600,19,2,1
2016-03-23 20:00,0.426155,0.000000,0.3400,0.0600,20,2,1
2016-03-23 21:00,0.350256,0.000000,0.3400,0.0600,21,2,1
2016-03-23 22:00,0.297835,0.000000,0.1600,0.0600,22,2,1
2016-03-23 23:00,0.256825,0.000000,0.1600,0.0600,23,2,1
2016-03-24 00:00,0.362700,0.000000,0.1600,0.0600,0,3,1
2016-03-24 01:00,0.343061,0.000000,0.1600,0.0600,1,3,1
2016-03-24 02:00,0.362011,0.000000,0.1600,0.0600,2,3,1
2016-03-24 03:00,0.372698,0.000000,0.1600,0.0600,3,3,1
2016-03-24 04:00,0.343271,0.000000,0.1600,0.0600,4,3,1
2016-03-24 05:00,0.354475,0.000000,0.1600,0.0600,5,3,1
2016-03-24 06:00,0.274455,0.000482,0.1600,0.0600,6,3,1
2016-03-24 07:00,0.366554,0.026811,0.2200,0.0600,7,3,1
2016-03-24 08:00,0.442841,0.089044,0.2200,0.0600,8,3,1
2016-03-24 09:00,0.480028,0.152987,0.2200,0.0600,9,3,1
2016-03-24 10:00,0.486751,0.204382,0.2200,0.0600,10,3,1
2016-03-24 11:00,0.516843,0.236205,0.2200,0.0600,11,3,1
2016-03-24 12:00,0.536985,0.244930,0.2200,0.0600,12,3,1
2016-03-24 13:00,0.565930,0.229657,0.2200,0.0600,13,3,1
2016-03-24 14:00,0.555245,0.191978,0.2200,0.0600,14,3,1
2016-03-24 15:00,0.538248,0.136237,0.2200,0.0600,15,3,1
2016-03-24 16:00,0.503434,0.070835,0.2200,0.0600,16,3,1
2016-03-24 17:00,0.505928,0.013848,0.3400,0.0600,17,3,1
2016-03-24 18:00,0.482031,0.000000,0.3400,0.0600,18,3,1
2016-03-24 19:00,0.476988,0.000000,0.3400,0.0600,19,3,1
2016-03-24 20:00,0.428580,0.000000,0.3400,0.0600,20,3,1
2016-03-24 21:00,0.387407,0.000000,0.3400,0.0600,21,3,1
2016-03-24 22:00,0.303800,0.000000,0.1600,0.0600,22,3,1
2016-03-24 23:00,0.250519,0.000000,0.1600,0.0600,23,3,1
2016-03-25 00:00,0.299350,0.000000,0.1600,0.0600,0,4,1
2016-03-25 01:00,0.303418,0.000000,0.1600,0.0600,1,4,1
2016-03-25 02:00,0.310259,0.000000,0.1600,0.0600,2,4,1
2016-03-25 03:00,0.351352,0.000000,0.1600,0.0600,3,4,1
2016-03-25 04:00,0.341875,0.000000,0.1600,0.0600,4,4,1
2016-03-25 05:00,0.375803,0.000000,0.1600,0.0600,5,4,1
2016-03-25 06:00,0.322346,0.000404,0.1600,0.0600,6,4,1
2016-03-25 07:00,0.411579,0.021153,0.2200,0.0600,7,4,1
2016-03-25 08:00,0.479735,0.067360,0.2200,0.0600,8,4,1
2016-03-25 09:00,0.502240,0.114399,0.2200,0.0600,9,4,1
2016-03-25 10:00,0.500502,0.152093,0.2200,0.0600,10,4,1
2016-03-25 11:00,0.487782,0.175373,0.2200,0.0600,11,4,1
2016-03-25 12:00,0.539405,0.181684,0.2200,0.0600,12,4,1
2016-03-25 13:00,0.545708,0.170381,0.2200,0.0600,13,4,1
2016-03-25 14:00,0.546507,0.142633,0.2200,0.0600,14,4,1
2016-03-25 15:00,0.524348,0.101609,0.2200,0.0600,15,4,1
2016-03-25 16:00,0.499298,0.053401,0.2200,0.0600,16,4,1
2016-03-25 17:00,0.518075,0.010983,0.3400,0.0600,17,4,1
2016-03-25 18:00,0.506739,0.000015,0.3400,0.0600,18,4,1
2016-03-25 19:00,0.487725,0.000000,0.3400,0.0600,19,4,1
2016-03-25 20:00,0.465762,0.000000,0.3400,0.0600,20,4,1
2016-03-25 21:00,0.382690,0.000000,0.3400,0.0600,21,4,1
2016-03-25 22:00,0.307853,0.000000,0.1600,0.0600,22,4,1
2016-03-25 23:00,0.233872,0.000000,0.1600,0.0600,23,4,1
2016-03-26 00:00,0.375540,0.000000,0.2000,0.0600,0,5,0
2016-03-26 01:00,0.383955,0.000000,0.2000,0.0600,1,5,0
2016-03-26 02:00,0.388111,0.000000,0.2000,0.0600,2,5,0
2016-03-26 03:00,0.414789,0.000000,0.2000,0.0600,3,5,0
2016-03-26 04:00,0.419327,0.000000,0.2000,0.0600,4,5,0
2016-03-26 05:00,0.425730,0.000000,0.2000,0.0600,5,5,0
2016-03-26 06:00,0.388577,0.000623,0.2000,0.0600,6,5,0
2016-03-26 07:00,0.448203,0.031119,0.2000,0.0600,7,5,0
2016-03-26 08:00,0.526125,0.095263,0.2000,0.0600,8,5,0
2016-03-26 09:00,0.550315,0.159995,0.2000,0.0600,9,5,0
2016-03-26 10:00,0.543903,0.211717,0.2000,0.0600,10,5,0
2016-03-26 11:00,0.560051,0.243578,0.2000,0.0600,11,5,0
2016-03-26 12:00,0.591032,0.252117,0.2000,0.0600,12,5,0
2016-03-26 13:00,0.591999,0.236468,0.2000,0.0600,13,5,0
2016-03-26 14:00,0.584372,0.198236,0.2000,0.0600,14,5,0
2016-03-26 15:00,0.580652,0.141749,0.2000,0.0600,15,5,0
2016-03-26 16:00,0.521813,0.075274,0.2000,0.0600,16,5,0
2016-03-26 17:00,0.521884,0.016240,0.2000,0.0600,17,5,0
2016-03-26 18:00,0.542053,0.000070,0.2000,0.0600,18,5,0
2016-03-26 19:00,0.526477,0.000000,0.2000,0.0600,19,5,0
2016-03-26 20:00,0.458725,0.000000,0.2000,0.0600,20,5,0
2016-03-26 21:00,0.419585,0.000000,0.2000,0.0600,21,5,0
2016-03-26 22:00,0.389251,0.000000,0.2000,0.0600,22,5,0
2016-03-26 23:00,0.305093,0.000000,0.2000,0.0600,23,5,0
2016-03-27 00:00,0.374236,0.000000,0.2000,0.0600,0,6,0
2016-03-27 01:00,0.368273,0.000000,0.2000,0.0600,1,6,0
2016-03-27 02:00,0.367864,0.000000,0.2000,0.0600,2,6,0
2016-03-27 03:00,0.378379,0.000000,0.2000,0.0600,3,6,0
2016-03-27 04:00,0.369788,0.000000,0.2000,0.0600,4,6,0
2016-03-27 05:00,0.415148,0.000000,0.2000,0.0600,5,6,0
2016-03-27 06:00,0.350082,0.000654,0.2000,0.0600,6,6,0
2016-03-27 07:00,0.447496,0.031467,0.2000,0.0600,7,6,0
2016-03-27 08:00,0.497799,0.092824,0.2000,0.0600,8,6,0
2016-03-27 09:00,0.534171,0.154238,0.2000,0.0600,9,6,0
2016-03-27 10:00,0.558644,0.203169,0.2000,0.0600,10,6,0
2016-03-27 11:00,0.546745,0.233236,0.2000,0.0600,11,6,0
2016-03-27 12:00,0.584434,0.241200,0.2000,0.0600,12,6,0
2016-03-27 13:00,0.584731,0.226261,0.2000,0.0600,13,6,0
2016-03-27 14:00,0.605768,0.189939,0.2000,0.0600,14,6,0
2016-03-27 15:00,0.565881,0.136312,0.2000,0.0600,15,6,0
2016-03-27 16:00,0.539937,0.073115,0.2000,0.0600,16,6,0
2016-03-27 17:00,0.506730,0.016502,0.2000,0.0600,17,6,0
2016-03-27 18:00,0.483190,0.000113,0.2000,0.0600,18,6,0
2016-03-27 19:00,0.476562,0.000000,0.2000,0.0600,19,6,0
2016-03-27 20:00,0.456110,0.000000,0.2000,0.0600,20,6,0
2016-03-27 21:00,0.401201,0.000000,0.2000,0.0600,21,6,0
2016-03-27 22:00,0.353291,0.000000,0.2000,0.0600,22,6,0
2016-03-27 23:00,0.323727,0.000000,0.2000,0.0600,23,6,0
2016-03-28 00:00,0.323318,0.000000,0.1600,0.0600,0,0,1
2016-03-28 01:00,0.327237,0.000000,0.1600,0.0600,1,0,1
2016-03-28 02:00,0.347594,0.000000,0.1600,0.0600,2,0,1
2016-03-28 03:00,0.305329,0.000000,0.1600,0.0600,3,0,1
2016-03-28 04:00,0.348804,0.000000,0.1600,0.0600,4,0,1
2016-03-28 05:00,0.373320,0.000000,0.1600,0.0600,5,0,1
2016-03-28 06:00,0.311268,0.000586,0.1600,0.0600,6,0,1
2016-03-28 07:00,0.395841,0.027315,0.2200,0.0600,7,0,1
2016-03-28 08:00,0.486636,0.077816,0.2200,0.0600,8,0,1
2016-03-28 09:00,0.500368,0.127975,0.2200,0.0600,9,0,1
2016-03-28 10:00,0.471721,0.167830,0.2200,0.0600,10,0,1
2016-03-28 11:00,0.515221,0.192258,0.2200,0.0600,11,0,1
2016-03-28 12:00,0.549688,0.198652,0.2200,0.0600,12,0,1
2016-03-28 13:00,0.596793,0.186374,0.2200,0.0600,13,0,1
2016-03-28 14:00,0.588618,0.156664,0.2200,0.0600,14,0,1
2016-03-28 15:00,0.560851,0.112831,0.2200,0.0600,15,0,1
2016-03-28 16:00,0.533704,0.061108,0.2200,0.0600,16,0,1
2016-03-28 17:00,0.507999,0.014392,0.3400,0.0600,17,0,1
2016-03-28 18:00,0.509626,0.000130,0.3400,0.0600,18,0,1
2016-03-28 19:00,0.479268,0.000000,0.3400,0.0600,19,0,1
2016-03-28 20:00,0.429354,0.000000,0.3400,0.0600,20,0,1
2016-03-28 21:00,0.375880,0.000000,0.3400,0.0600,21,0,1
2016-03-28 22:00,0.277384,0.000000,0.1600,0.0600,22,0,1
2016-03-28 23:00,0.230348,0.000000,0.1600,0.0600,23,0,1
2016-03-29 00:00,0.299439,0.000000,0.1600,0.0600,0,1,1
2016-03-29 01:00,0.284112,0.000000,0.1600,0.0600,1,1,1
2016-03-29 02:00,0.310307,0.000000,0.1600,0.0600,2,1,1
2016-03-29 03:00,0.311210,0.000000,0.1600,0.0600,3,1,1
2016-03-29 04:00,0.312698,0.000000,0.1600,0.0600,4,1,1
2016-03-29 05:00,0.315529,0.000000,0.1600,0.0600,5,1,1
2016-03-29 06:00,0.266965,0.000847,0.1600,0.0600,6,1,1
2016-03-29 07:00,0.366766,0.038494,0.2200,0.0600,7,1,1
2016-03-29 08:00,0.449804,0.106121,0.2200,0.0600,8,1,1
2016-03-29 09:00,0.489949,0.172803,0.2200,0.0600,9,1,1
2016-03-29 10:00,0.484648,0.225644,0.2200,0.0600,10,1,1
2016-03-29 11:00,0.481534,0.257951,0.2200,0.0600,11,1,1
2016-03-29 12:00,0.542514,0.266307,0.2200,0.0600,12,1,1
2016-03-29 13:00,0.563321,0.249880,0.2200,0.0600,13,1,1
2016-03-29 14:00,0.539528,0.210322,0.2200,0.0600,14,1,1
2016-03-29 15:00,0.524297,0.151998,0.2200,0.0600,15,1,1
2016-03-29 16:00,0.522999,0.083095,0.2200,0.0600,16,1,1
2016-03-29 17:00,0.497422,0.020375,0.3400,0.0600,17,1,1
2016-03-29 18:00,0.479930,0.000223,0.3400,0.0600,18,1,1
2016-03-29 19:00,0.495963,0.000000,0.3400,0.0600,19,1,1
2016-03-29 20:00,0.427126,0.000000,0.3400,0.0600,20,1,1
2016-03-29 21:00,0.366929,0.000000,0.3400,0.0600,21,1,1
2016-03-29 22:00,0.279581,0.000000,0.1600,0.0600,22,1,1
2016-03-29 23:00,0.227400,0.000000,0.1600,0.0600,23,1,1
2016-03-30 00:00,0.318940,0.000000,0.1600,0.0600,0,2,1
2016-03-30 01:00,0.325497,0.000000,0.1600,0.0600,1,2,1
2016-03-30 02:00,0.299219,0.000000,0.1600,0.0600,2,2,1
2016-03-30 03:00,0.313559,0.000000,0.1600,0.0600,3,2,1
2016-03-30 04:00,0.327049,0.000000,0.1600,0.0600,4,2,1
2016-03-30 05:00,0.348082,0.000000,0.1600,0.0600,5,2,1
2016-03-30 06:00,0.301155,0.000883,0.1600,0.0600,6,2,1
2016-03-30 07:00,0.405875,0.039246,0.2200,0.0600,7,2,1
2016-03-30 08:00,0.460471,0.104896,0.2200,0.0600,8,2,1
2016-03-30 09:00,0.494910,0.169184,0.2200,0.0600,9,2,1
2016-03-30 10:00,0.525446,0.219999,0.2200,0.0600,10,2,1
2016-03-30 11:00,0.494026,0.250989,0.2200,0.0600,11,2,1
2016-03-30 12:00,0.567881,0.258906,0.2200,0.0600,12,2,1
2016-03-30 13:00,0.605541,0.242968,0.2200,0.0600,13,2,1
2016-03-30 14:00,0.583418,0.204765,0.2200,0.0600,14,2,1
2016-03-30 15:00,0.555720,0.148480,0.2200,0.0600,15,2,1
2016-03-30 16:00,0.520449,0.081910,0.2200,0.0600,16,2,1
2016-03-30 17:00,0.535391,0.020866,0.3400,0.0600,17,2,1
2016-03-30 18:00,0.531059,0.000262,0.3400,0.0600,18,2,1
2016-03-30 19:00,0.494435,0.000000,0.3400,0.0600,19,2,1
2016-03-30 20:00,0.446617,0.000000,0.3400,0.0600,20,2,1
2016-03-30 21:00,0.382867,0.000000,0.3400,0.0600,21,2,1
2016-03-30 22:00,0.301198,0.000000,0.1600,0.0600,22,2,1
2016-03-30 23:00,0.265184,0.000000,0.1600,0.0600,23,2,1
2016-03-31 00:00,0.341927,0.000000,0.1600,0.0600,0,3,1
2016-03-31 01:00,0.304960,0.000000,0.1600,0.0600,1,3,1
2016-03-31 02:00,0.322740,0.000000,0.1600,0.0600,2,3,1
2016-03-31 03:00,0.341141,0.000000,0.1600,0.0600,3,3,1
2016-03-31 04:00,0.339541,0.000000,0.1600,0.0600,4,3,1
2016-03-31 05:00,0.339404,0.000000,0.1600,0.0600,5,3,1
2016-03-31 06:00,0.327306,0.000967,0.1600,0.0600,6,3,1
2016-03-31 07:00,0.390629,0.031868,0.2200,0.0600,7,3,1
2016-03-31 08:00,0.478128,0.082725,0.2200,0.0600,8,3,1
2016-03-31 09:00,0.489379,0.132203,0.2200,0.0600,9,3,1
2016-03-31 10:00,0.483156,0.171214,0.2200,0.0600,10,3,1
2016-03-31 11:00,0.520975,0.194947,0.2200,0.0600,11,3,1
2016-03-31 12:00,0.506507,0.200935,0.2200,0.0600,12,3,1
2016-03-31 13:00,0.531419,0.188589,0.2200,0.0600,13,3,1
2016-03-31 14:00,0.549283,0.159135,0.2200,0.0600,14,3,1
2016-03-31 15:00,0.511506,0.115771,0.2200,0.0600,15,3,1
2016-03-31 16:00,0.488587,0.064428,0.2200,0.0600,16,3,1
2016-03-31 17:00,0.472672,0.017017,0.3400,0.0600,17,3,1
2016-03-31 18:00,0.503105,0.000238,0.3400,0.0600,18,3,1
2016-03-31 19:00,0.490525,0.000000,0.3400,0.0600,19,3,1
2016-03-31 20:00,0.433123,0.000000,0.3400,0.0600,20,3,1
2016-03-31 21:00,0.321506,0.000000,0.3400,0.0600,21,3,1
2016-03-31 22:00,0.255072,0.000000,0.1600,0.0600,22,3,1
2016-03-31 23:00,0.226497,0.000000,0.1600,0.0600,23,3,1
2016-04-01 00:00,0.333110,0.000000,0.1600,0.0600,0,4,1
2016-04-01 01:00,0.338748,0.000000,0.1600,0.0600,1,4,1
2016-04-01 02:00,0.346888,0.000000,0.1600,0.0600,2,4,1
2016-04-01 03:00,0.327890,0.000000,0.1600,0.0600,3,4,1
2016-04-01 04:00,0.327296,0.000000,0.1600,0.0600,4,4,1
2016-04-01 05:00,0.336765,0.000000,0.1600,0.0600,5,4,1
2016-04-01 06:00,0.287637,0.001912,0.1600,0.0600,6,4,1
2016-04-01 07:00,0.394562,0.048678,0.2200,0.0600,7,4,1
2016-04-01 08:00,0.469336,0.122919,0.2200,0.0600,8,4,1
2016-04-01 09:00,0.513132,0.194705,0.2200,0.0600,9,4,1
2016-04-01 10:00,0.495171,0.251169,0.2200,0.0600,10,4,1
2016-04-01 11:00,0.540247,0.285436,0.2200,0.0600,11,4,1
2016-04-01 12:00,0.551923,0.293972,0.2200,0.0600,12,4,1
2016-04-01 13:00,0.564572,0.275945,0.2200,0.0600,13,4,1
2016-04-01 14:00,0.546320,0.233132,0.2200,0.0600,14,4,1
2016-04-01 15:00,0.520475,0.170146,0.2200,0.0600,15,4,1
2016-04-01 16:00,0.483176,0.095495,0.2200,0.0600,16,4,1
2016-04-01 17:00,0.500364,0.026105,0.3400,0.0600,17,4,1
2016-04-01 18:00,0.484090,0.000398,0.3400,0.0600,18,4,1
2016-04-01 19:00,0.474932,0.000000,0.3400,0.0600,19,4,1
2016-04-01 20:00,0.450542,0.000000,0.3400,0.0600,20,4,1
2016-04-01 21:00,0.352488,0.000000,0.3400,0.0600,21,4,1
2016-04-01 22:00,0.295064,0.000000,0.1600,0.0600,22,4,1
2016-04-01 23:00,0.263037,0.000000,0.1600,0.0600,23,4,1
2016-04-02 00:00,0.405857,0.000000,0.2000,0.0600,0,5,0
2016-04-02 01:00,0.394143,0.000000,0.2000,0.0600,1,5,0
2016-04-02 02:00,0.360959,0.000000,0.2000,0.0600,2,5,0
2016-04-02 03:00,0.386946,0.000000,0.2000,0.0600,3,5,0
2016-04-02 04:00,0.403918,0.000000,0.2000,0.0600,4,5,0
2016-04-02 05:00,0.429942,0.000000,0.2000,0.0600,5,5,0
2016-04-02 06:00,0.392050,0.001966,0.2000,0.0600,6,5,0
2016-04-02 07:00,0.443085,0.039963,0.2000,0.0600,7,5,0
2016-04-02 08:00,0.531842,0.098313,0.2000,0.0600,8,5,0
2016-04-02 09:00,0.521392,0.154406,0.2000,0.0600,9,5,0
2016-04-02 10:00,0.511110,0.198422,0.2000,0.0600,10,5,0
2016-04-02 11:00,0.504742,0.225071,0.2000,0.0600,11,5,0
2016-04-02 12:00,0.566657,0.231624,0.2000,0.0600,12,5,0
2016-04-02 13:00,0.605688,0.217447,0.2000,0.0600,13,5,0
2016-04-02 14:00,0.597678,0.183929,0.2000,0.0600,14,5,0
2016-04-02 15:00,0.551722,0.134655,0.2000,0.0600,15,5,0
2016-04-02 16:00,0.529225,0.076199,0.2000,0.0600,16,5,0
2016-04-02 17:00,0.530654,0.021522,0.2000,0.0600,17,5,0
2016-04-02 18:00,0.534045,0.000351,0.2000,0.0600,18,5,0
2016-04-02 19:00,0.524238,0.000000,0.2000,0.0600,19,5,0
2016-04-02 20:00,0.459248,0.000000,0.2000,0.0600,20,5,0
2016-04-02 21:00,0.423479,0.000000,0.2000,0.0600,21,5,0
2016-04-02 22:00,0.391687,0.000000,0.2000,0.0600,22,5,0
2016-04-02 23:00,0.370566,0.000000,0.2000,0.0600,23,5,0
2016-04-03 00:00,0.430264,0.000000,0.2000,0.0600,0,6,0
2016-04-03 01:00,0.386943,0.000000,0.2000,0.0600,1,6,0
2016-04-03 02:00,0.366041,0.000000,0.2000,0.0600,2,6,0
2016-04-03 03:00,0.392041,0.000000,0.2000,0.0600,3,6,0
2016-04-03 04:00,0.403291,0.000000,0.2000,0.0600,4,6,0
2016-04-03 05:00,0.400599,0.000000,0.2000,0.0600,5,6,0
2016-04-03 06:00,0.382370,0.002935,0.2000,0.0600,6,6,0
2016-04-03 07:00,0.468022,0.048979,0.2000,0.0600,7,6,0
2016-04-03 08:00,0.485993,0.117549,0.2000,0.0600,8,6,0
2016-04-03 09:00,0.461051,0.183103,0.2000,0.0600,9,6,0
2016-04-03 10:00,0.450262,0.234427,0.2000,0.0600,10,6,0
2016-04-03 11:00,0.493519,0.265427,0.2000,0.0600,11,6,0
2016-04-03 12:00,0.540738,0.272951,0.2000,0.0600,12,6,0
2016-04-03 13:00,0.580245,0.256276,0.2000,0.0600,13,6,0
2016-04-03 14:00,0.587472,0.217026,0.2000,0.0600,14,6,0
2016-04-03 15:00,0.545095,0.159368,0.2000,0.0600,15,6,0
2016-04-03 16:00,0.526111,0.090906,0.2000,0.0600,16,6,0
2016-04-03 17:00,0.521005,0.026487,0.2000,0.0600,17,6,0
2016-04-03 18:00,0.561742,0.000458,0.2000,0.0600,18,6,0
2016-04-03 19:00,0.527361,0.000000,0.2000,0.0600,19,6,0
2016-04-03 20:00,0.482020,0.000000,0.2000,0.0600,20,6,0
2016-04-03 21:00,0.401538,0.000000,0.2000,0.0600,21,6,0
2016-04-03 22:00,0.317356,0.000000,0.2000,0.0600,22,6,0
2016-04-03 23:00,0.292836,0.000000,0.2000,0.0600,23,6,0
2016-04-04 00:00,0.270006,0.000000,0.1600,0.0600,0,0,1
2016-04-04 01:00,0.283283,0.000000,0.1600,0.0600,1,0,1
2016-04-04 02:00,0.296550,0.000000,0.1600,0.0600,2,0,1
2016-04-04 03:00,0.314866,0.000000,0.1600,0.0600,3,0,1
2016-04-04 04:00,0.344634,0.000000,0.1600,0.0600,4,0,1
2016-04-04 05:00,0.374267,0.000000,0.1600,0.0600,5,0,1
2016-04-04 06:00,0.302487,0.003223,0.1600,0.0600,6,0,1
2016-04-04 07:00,0.365999,0.045172,0.2200,0.0600,7,0,1
2016-04-04 08:00,0.459721,0.105903,0.2200,0.0600,8,0,1
2016-04-04 09:00,0.473101,0.163659,0.2200,0.0600,9,0,1
2016-04-04 10:00,0.495147,0.208779,0.2200,0.0600,10,0,1
2016-04-04 11:00,0.521524,0.235966,0.2200,0.0600,11,0,1
2016-04-04 12:00,0.555947,0.242479,0.2200,0.0600,12,0,1
2016-04-04 13:00,0.552000,0.227694,0.2200,0.0600,13,0,1
2016-04-04 14:00,0.498849,0.193042,0.2200,0.0600,14,0,1
2016-04-04 15:00,0.500100,0.142177,0.2200,0.0600,15,0,1
2016-04-04 16:00,0.474045,0.081729,0.2200,0.0600,16,0,1
2016-04-04 17:00,0.503837,0.024529,0.3400,0.0600,17,0,1
2016-04-04 18:00,0.493651,0.000445,0.3400,0.0600,18,0,1
2016-04-04 19:00,0.470838,0.000000,0.3400,0.0600,19,0,1
2016-04-04 20:00,0.403151,0.000000,0.3400,0.0600,20,0,1
2016-04-04 21:00,0.344743,0.000000,0.3400,0.0600,21,0,1
2016-04-04 22:00,0.291413,0.000000,0.1600,0.0600,22,0,1
2016-04-04 23:00,0.249793,0.000000,0.1600,0.0600,23,0,1
2016-04-05 00:00,0.331455,0.000000,0.1600,0.0600,0,1,1
2016-04-05 01:00,0.333442,0.000000,0.1600,0.0600,1,1,1
2016-04-05 02:00,0.314227,0.000000,0.1600,0.0600,2,1,1
2016-04-05 03:00,0.346637,0.000000,0.1600,0.0600,3,1,1
2016-04-05 04:00,0.380517,0.000000,0.1600,0.0600,4,1,1
2016-04-05 05:00,0.407978,0.000000,0.1600,0.0600,5,1,1
2016-04-05 06:00,0.343353,0.004804,0.1600,0.0600,6,1,1
2016-04-05 07:00,0.424241,0.057654,0.2200,0.0600,7,1,1
2016-04-05 08:00,0.460666,0.132193,0.2200,0.0600,8,1,1
2016-04-05 09:00,0.477202,0.202731,0.2200,0.0600,9,1,1
2016-04-05 10:00,0.517586,0.257718,0.2200,0.0600,10,1,1
2016-04-05 11:00,0.514017,0.290775,0.2200,0.0600,11,1,1
2016-04-05 12:00,0.567793,0.298588,0.2200,0.0600,12,1,1
2016-04-05 13:00,0.550020,0.280415,0.2200,0.0600,13,1,1
2016-04-05 14:00,0.564678,0.238007,0.2200,0.0600,14,1,1
2016-04-05 15:00,0.531791,0.175802,0.2200,0.0600,15,1,1
2016-04-05 16:00,0.521347,0.101819,0.2200,0.0600,16,1,1
2016-04-05 17:00,0.525461,0.031435,0.3400,0.0600,17,1,1
2016-04-05 18:00,0.491486,0.000594,0.3400,0.0600,18,1,1
2016-04-05 19:00,0.495128,0.000000,0.3400,0.0600,19,1,1
2016-04-05 20:00,0.412781,0.000000,0.3400,0.0600,20,1,1
2016-04-05 21:00,0.326967,0.000000,0.3400,0.0600,21,1,1
2016-04-05 22:00,0.300229,0.000000,0.1600,0.0600,22,1,1
2016-04-05 23:00,0.254314,0.000000,0.1600,0.0600,23,1,1
2016-04-06 00:00,0.321101,0.000000,0.1600,0.0600,0,2,1
2016-04-06 01:00,0.320529,0.000000,0.1600,0.0600,1,2,1
2016-04-06 02:00,0.323909,0.000000,0.1600,0.0600,2,2,1
2016-04-06 03:00,0.314405,0.000000,0.1600,0.0600,3,2,1
2016-04-06 04:00,0.312809,0.000000,0.1600,0.0600,4,2,1
2016-04-06 05:00,0.352088,0.000000,0.1600,0.0600,5,2,1
2016-04-06 06:00,0.280724,0.005633,0.1600,0.0600,6,2,1
2016-04-06 07:00,0.375983,0.058836,0.2200,0.0600,7,2,1
2016-04-06 08:00,0.446831,0.132088,0.2200,0.0600,8,2,1
2016-04-06 09:00,0.462135,0.201081,0.2200,0.0600,9,2,1
2016-04-06 10:00,0.477251,0.254754,0.2200,0.0600,10,2,1
2016-04-06 11:00,0.485991,0.286945,0.2200,0.0600,11,2,1
2016-04-06 12:00,0.521723,0.294452,0.2200,0.0600,12,2,1
2016-04-06 13:00,0.549642,0.276565,0.2200,0.0600,13,2,1
2016-04-06 14:00,0.562906,0.234997,0.2200,0.0600,14,2,1
2016-04-06 15:00,0.514629,0.174071,0.2200,0.0600,15,2,1
2016-04-06 16:00,0.477282,0.101553,0.2200,0.0600,16,2,1
2016-04-06 17:00,0.455363,0.032211,0.3400,0.0600,17,2,1
2016-04-06 18:00,0.452374,0.000630,0.3400,0.0600,18,2,1
2016-04-06 19:00,0.447403,0.000000,0.3400,0.0600,19,2,1
2016-04-06 20:00,0.412581,0.000000,0.3400,0.0600,20,2,1
2016-04-06 21:00,0.346965,0.000000,0.3400,0.0600,21,2,1
2016-04-06 22:00,0.271012,0.000000,0.1600,0.0600,22,2,1
2016-04-06 23:00,0.259161,0.000000,0.1600,0.0600,23,2,1
2016-04-07 00:00,0.340055,0.000000,0.1600,0.0600,0,3,1
2016-04-07 01:00,0.343391,0.000000,0.1600,0.0600,1,3,1
2016-04-07 02:00,0.331598,0.000000,0.1600,0.0600,2,3,1
2016-04-07 03:00,0.327090,0.000000,0.1600,0.0600,3,3,1
2016-04-07 04:00,0.338854,0.000000,0.1600,0.0600,4,3,1
2016-04-07 05:00,0.340004,0.000000,0.1600,0.0600,5,3,1
2016-04-07 06:00,0.280375,0.004475,0.1600,0.0600,6,3,1
2016-04-07 07:00,0.354174,0.041254,0.2200,0.0600,7,3,1
2016-04-07 08:00,0.437136,0.090777,0.2200,0.0600,8,3,1
2016-04-07 09:00,0.451384,0.137213,0.2200,0.0600,9,3,1
2016-04-07 10:00,0.467495,0.173264,0.2200,0.0600,10,3,1
2016-04-07 11:00,0.506399,0.194838,0.2200,0.0600,11,3,1
2016-04-07 12:00,0.570831,0.199801,0.2200,0.0600,12,3,1
2016-04-07 13:00,0.563533,0.187687,0.2200,0.0600,13,3,1
2016-04-07 14:00,0.536279,0.159650,0.2200,0.0600,14,3,1
2016-04-07 15:00,0.519457,0.118586,0.2200,0.0600,15,3,1
2016-04-07 16:00,0.511582,0.069674,0.2200,0.0600,16,3,1
2016-04-07 17:00,0.512898,0.022677,0.3400,0.0600,17,3,1
2016-04-07 18:00,0.504797,0.000457,0.3400,0.0600,18,3,1
2016-04-07 19:00,0.510498,0.000000,0.3400,0.0600,19,3,1
2016-04-07 20:00,0.458134,0.000000,0.3400,0.0600,20,3,1
2016-04-07 21:00,0.392420,0.000000,0.3400,0.0600,21,3,1
2016-04-07 22:00,0.328337,0.000000,0.1600,0.0600,22,3,1
2016-04-07 23:00,0.280848,0.000000,0.1600,0.0600,23,3,1
2016-04-08 00:00,0.347705,0.000000,0.1600,0.0600,0,4,1
2016-04-08 01:00,0.327812,0.000000,0.1600,0.0600,1,4,1
2016-04-08 02:00,0.355390,0.000000,0.1600,0.0600,2,4,1
2016-04-08 03:00,0.364265,0.000000,0.1600,0.0600,3,4,1
2016-04-08 04:00,0.351623,0.000000,0.1600,0.0600,4,4,1
2016-04-08 05:00,0.375399,0.000000,0.1600,0.0600,5,4,1
2016-04-08 06:00,0.319738,0.008022,0.1600,0.0600,6,4,1
2016-04-08 07:00,0.425865,0.066067,0.2200,0.0600,7,4,1
2016-04-08 08:00,0.496635,0.142630,0.2200,0.0600,8,4,1
2016-04-08 09:00,0.485856,0.214118,0.2200,0.0600,9,4,1
2016-04-08 10:00,0.507976,0.269510,0.2200,0.0600,10,4,1
2016-04-08 11:00,0.549729,0.302583,0.2200,0.0600,11,4,1
2016-04-08 12:00,0.579183,0.310089,0.2200,0.0600,12,4,1
2016-04-08 13:00,0.569361,0.291324,0.2200,0.0600,13,4,1
2016-04-08 14:00,0.549258,0.248068,0.2200,0.0600,14,4,1
2016-04-08 15:00,0.516285,0.184760,0.2200,0.0600,15,4,1
2016-04-08 16:00,0.467333,0.109303,0.2200,0.0600,16,4,1
2016-04-08 17:00,0.450051,0.036464,0.3400,0.0600,17,4,1
2016-04-08 18:00,0.464559,0.000754,0.3400,0.0600,18,4,1
2016-04-08 19:00,0.456077,0.000000,0.3400,0.0600,19,4,1
2016-04-08 20:00,0.419746,0.000000,0.3400,0.0600,20,4,1
2016-04-08 21:00,0.355900,0.000000,0.3400,0.0600,21,4,1
2016-04-08 22:00,0.288517,0.000000,0.1600,0.0600,22,4,1
2016-04-08 23:00,0.251928,0.000000,0.1600,0.0600,23,4,1
2016-04-09 00:00,0.394133,0.000000,0.2000,0.0600,0,5,0
2016-04-09 01:00,0.370479,0.000000,0.2000,0.0600,1,5,0
2016-04-09 02:00,0.366200,0.000000,0.2000,0.0600,2,5,0
2016-04-09 03:00,0.373079,0.000000,0.2000,0.0600,3,5,0
2016-04-09 04:00,0.393236,0.000000,0.2000,0.0600,4,5,0
2016-04-09 05:00,0.387947,0.000000,0.2000,0.0600,5,5,0
2016-04-09 06:00,0.338603,0.009329,0.2000,0.0600,6,5,0
2016-04-09 07:00,0.418874,0.069354,0.2000,0.0600,7,5,0
2016-04-09 08:00,0.494112,0.147035,0.2000,0.0600,8,5,0
2016-04-09 09:00,0.522593,0.219273,0.2000,0.0600,9,5,0
2016-04-09 10:00,0.548929,0.275143,0.2000,0.0600,10,5,0
2016-04-09 11:00,0.517172,0.308426,0.2000,0.0600,11,5,0
2016-04-09 12:00,0.540118,0.315876,0.2000,0.0600,12,5,0
2016-04-09 13:00,0.570291,0.296799,0.2000,0.0600,13,5,0
2016-04-09 14:00,0.558072,0.252994,0.2000,0.0600,14,5,0
2016-04-09 15:00,0.575282,0.188928,0.2000,0.0600,15,5,0
2016-04-09 16:00,0.572469,0.112518,0.2000,0.0600,16,5,0
2016-04-09 17:00,0.536509,0.038434,0.2000,0.0600,17,5,0
2016-04-09 18:00,0.486652,0.000813,0.2000,0.0600,18,5,0
2016-04-09 19:00,0.513339,0.000000,0.2000,0.0600,19,5,0
2016-04-09 20:00,0.467574,0.000000,0.2000,0.0600,20,5,0
2016-04-09 21:00,0.403169,0.000000,0.2000,0.0600,21,5,0
2016-04-09 22:00,0.340945,0.000000,0.2000,0.0600,22,5,0
2016-04-09 23:00,0.289386,0.000000,0.2000,0.0600,23,5,0
2016-04-10 00:00,0.393652,0.000000,0.2000,0.0600,0,6,0
2016-04-10 01:00,0.387116,0.000000,0.2000,0.0600,1,6,0
2016-04-10 02:00,0.394259,0.000000,0.2000,0.0600,2,6,0
2016-04-10 03:00,0.395995,0.000000,0.2000,0.0600,3,6,0
2016-04-10 04:00,0.396747,0.000000,0.2000,0.0600,4,6,0
2016-04-10 05:00,0.405938,0.000000,0.2000,0.0600,5,6,0
2016-04-10 06:00,0.352376,0.010616,0.2000,0.0600,6,6,0
2016-04-10 07:00,0.446242,0.071906,0.2000,0.0600,7,6,0
2016-04-10 08:00,0.534676,0.149835,0.2000,0.0600,8,6,0
2016-04-10 09:00,0.538132,0.222026,0.2000,0.0600,9,6,0
2016-04-10 10:00,0.538481,0.277756,0.2000,0.0600,10,6,0
2016-04-10 11:00,0.558830,0.310885,0.2000,0.0600,11,6,0
2016-04-10 12:00,0.586632,0.318199,0.2000,0.0600,12,6,0
2016-04-10 13:00,0.614361,0.299019,0.2000,0.0600,13,6,0
2016-04-10 14:00,0.573317,0.255147,0.2000,0.0600,14,6,0
2016-04-10 15:00,0.576890,0.191030,0.2000,0.0600,15,6,0
2016-04-10 16:00,0.566483,0.114512,0.2000,0.0600,16,6,0
2016-04-10 17:00,0.526296,0.040010,0.2000,0.0600,17,6,0
2016-04-10 18:00,0.496566,0.000863,0.2000,0.0600,18,6,0
2016-04-10 19:00,0.523277,0.000000,0.2000,0.0600,19,6,0
2016-04-10 20:00,0.473272,0.000000,0.2000,0.0600,20,6,0
2016-04-10 21:00,0.399867,0.000000,0.2000,0.0600,21,6,0
2016-04-10 22:00,0.345578,0.000000,0.2000,0.0600,22,6,0
2016-04-10 23:00,0.301573,0.000000,0.2000,0.0600,23,6,0
2016-04-11 00:00,0.297053,0.000000,0.1600,0.0600,0,0,1
2016-04-11 01:00,0.316204,0.000000,0.1600,0.0600,1,0,1
2016-04-11 02:00,0.334289,0.000000,0.1600,0.0600,2,0,1
2016-04-11 03:00,0.334104,0.000000,0.1600,0.0600,3,0,1
2016-04-11 04:00,0.328728,0.000000,0.1600,0.0600,4,0,1
2016-04-11 05:00,0.364071,0.000000,0.1600,0.0600,5,0,1
2016-04-11 06:00,0.302554,0.011535,0.1600,0.0600,6,0,1
2016-04-11 07:00,0.379953,0.071763,0.2200,0.0600,7,0,1
2016-04-11 08:00,0.484509,0.147097,0.2200,0.0600,8,0,1
2016-04-11 09:00,0.505533,0.216628,0.2200,0.0600,9,0,1
2016-04-11 10:00,0.466393,0.270211,0.2200,0.0600,10,0,1
2016-04-11 11:00,0.498042,0.301995,0.2200,0.0600,11,0,1
2016-04-11 12:00,0.517068,0.308915,0.2200,0.0600,12,0,1
2016-04-11 13:00,0.522996,0.290333,0.2200,0.0600,13,0,1
2016-04-11 14:00,0.500726,0.247985,0.2200,0.0600,14,0,1
2016-04-11 15:00,0.535568,0.186138,0.2200,0.0600,15,0,1
2016-04-11 16:00,0.513154,0.112287,0.2200,0.0600,16,0,1
2016-04-11 17:00,0.487993,0.040094,0.3400,0.0600,17,0,1
2016-04-11 18:00,0.473058,0.000880,0.3400,0.0600,18,0,1
2016-04-11 19:00,0.457717,0.000000,0.3400,0.0600,19,0,1
2016-04-11 20:00,0.413265,0.000000,0.3400,0.0600,20,0,1
2016-04-11 21:00,0.353187,0.000000,0.3400,0.0600,21,0,1
2016-04-11 22:00,0.295626,0.000000,0.1600,0.0600,22,0,1
2016-04-11 23:00,0.264537,0.000000,0.1600,0.0600,23,0,1
2016-04-12 00:00,0.328806,0.000000,0.1600,0.0600,0,1,1
2016-04-12 01:00,0.307228,0.000000,0.1600,0.0600,1,1,1
2016-04-12 02:00,0.338809,0.000000,0.1600,0.0600,2,1,1
2016-04-12 03:00,0.354931,0.000000,0.1600,0.0600,3,1,1
2016-04-12 04:00,0.348742,0.000000,0.1600,0.0600,4,1,1
2016-04-12 05:00,0.393536,0.000000,0.1600,0.0600,5,1,1
2016-04-12 06:00,0.306753,0.008692,0.1600,0.0600,6,1,1
2016-04-12 07:00,0.407473,0.050023,0.2200,0.0600,7,1,1
2016-04-12 08:00,0.455825,0.100940,0.2200,0.0600,8,1,1
2016-04-12 09:00,0.480500,0.147771,0.2200,0.0600,9,1,1
2016-04-12 10:00,0.491478,0.183799,0.2200,0.0600,10,1,1
2016-04-12 11:00,0.523847,0.205124,0.2200,0.0600,11,1,1
2016-04-12 12:00,0.544292,0.209703,0.2200,0.0600,12,1,1
2016-04-12 13:00,0.538823,0.197115,0.2200,0.0600,13,1,1
2016-04-12 14:00,0.508186,0.168531,0.2200,0.0600,14,1,1
2016-04-12 15:00,0.508633,0.126814,0.2200,0.0600,15,1,1
2016-04-12 16:00,0.495476,0.076972,0.2200,0.0600,16,1,1
2016-04-12 17:00,0.487831,0.028063,0.3400,0.0600,17,1,1
2016-04-12 18:00,0.478889,0.000625,0.3400,0.0600,18,1,1
2016-04-12 19:00,0.451971,0.000000,0.3400,0.0600,19,1,1
2016-04-12 20:00,0.390807,0.000000,0.3400,0.0600,20,1,1
2016-04-12 21:00,0.346809,0.000000,0.3400,0.0600,21,1,1
2016-04-12 22:00,0.271034,0.000000,0.1600,0.0600,22,1,1
2016-04-12 23:00,0.236974,0.000000,0.1600,0.0600,23,1,1
2016-04-13 00:00,0.342726,0.000000,0.1600,0.0600,0,2,1
2016-04-13 01:00,0.352663,0.000000,0.1600,0.0600,1,2,1
2016-04-13 02:00,0.325525,0.000000,0.1600,0.0600,2,2,1
2016-04-13 03:00,0.340871,0.000000,0.1600,0.0600,3,2,1
2016-04-13 04:00,0.323989,0.000000,0.1600,0.0600,4,2,1
2016-04-13 05:00,0.338330,0.000000,0.1600,0.0600,5,2,1
2016-04-13 06:00,0.301947,0.012774,0.1600,0.0600,6,2,1
2016-04-13 07:00,0.427927,0.068432,0.2200,0.0600,7,2,1
2016-04-13 08:00,0.487635,0.136034,0.2200,0.0600,8,2,1
2016-04-13 09:00,0.481169,0.198007,0.2200,0.0600,9,2,1
2016-04-13 10:00,0.519790,0.245604,0.2200,0.0600,10,2,1
2016-04-13 11:00,0.504885,0.273719,0.2200,0.0600,11,2,1
2016-04-13 12:00,0.532866,0.279673,0.2200,0.0600,12,2,1
2016-04-13 13:00,0.546663,0.262920,0.2200,0.0600,13,2,1
2016-04-13 14:00,0.529958,0.225013,0.2200,0.0600,14,2,1
2016-04-13 15:00,0.489510,0.169727,0.2200,0.0600,15,2,1
2016-04-13 16:00,0.466419,0.103638,0.2200,0.0600,16,2,1
2016-04-13 17:00,0.456030,0.038548,0.3400,0.0600,17,2,1
2016-04-13 18:00,0.447796,0.001007,0.3400,0.0600,18,2,1
2016-04-13 19:00,0.430703,0.000000,0.3400,0.0600,19,2,1
2016-04-13 20:00,0.382526,0.000000,0.3400,0.0600,20,2,1
2016-04-13 21:00,0.300051,0.000000,0.3400,0.0600,21,2,1
2016-04-13 22:00,0.247179,0.000000,0.1600,0.0600,22,2,1
2016-04-13 23:00,0.218283,0.000000,0.1600,0.0600,23,2,1
2016-04-14 00:00,0.297007,0.000000,0.1600,0.0600,0,3,1
2016-04-14 01:00,0.319334,0.000000,0.1600,0.0600,1,3,1
2016-04-14 02:00,0.298974,0.000000,0.1600,0.0600,2,3,1
2016-04-14 03:00,0.276128,0.000000,0.1600,0.0600,3,3,1
2016-04-14 04:00,0.284425,0.000000,0.1600,0.0600,4,3,1
2016-04-14 05:00,0.334810,0.000047,0.1600,0.0600,5,3,1
2016-04-14 06:00,0.269687,0.016967,0.1600,0.0600,6,3,1
2016-04-14 07:00,0.375224,0.085085,0.2200,0.0600,7,3,1
2016-04-14 08:00,0.420054,0.166739,0.2200,0.0600,8,3,1
2016-04-14 09:00,0.461873,0.241357,0.2200,0.0600,9,3,1
2016-04-14 10:00,0.485196,0.298574,0.2200,0.0600,10,3,1
2016-04-14 11:00,0.532443,0.332304,0.2200,0.0600,11,3,1
2016-04-14 12:00,0.538835,0.339349,0.2200,0.0600,12,3,1
2016-04-14 13:00,0.567262,0.319065,0.2200,0.0600,13,3,1
2016-04-14 14:00,0.550763,0.273326,0.2200,0.0600,14,3,1
2016-04-14 15:00,0.525193,0.206661,0.2200,0.0600,15,3,1
2016-04-14 16:00,0.510014,0.126929,0.2200,0.0600,16,3,1
2016-04-14 17:00,0.506036,0.048128,0.3400,0.0600,17,3,1
2016-04-14 18:00,0.482981,0.001526,0.3400,0.0600,18,3,1
2016-04-14 19:00,0.481456,0.000000,0.3400,0.0600,19,3,1
2016-04-14 20:00,0.444629,0.000000,0.3400,0.0600,20,3,1
2016-04-14 21:00,0.378266,0.000000,0.3400,0.0600,21,3,1
2016-04-14 22:00,0.282038,0.000000,0.1600,0.0600,22,3,1
2016-04-14 23:00,0.258518,0.000000,0.1600,0.0600,23,3,1
2016-04-15 00:00,0.313262,0.000000,0.1600,0.0600,0,4,1
2016-04-15 01:00,0.311277,0.000000,0.1600,0.0600,1,4,1
2016-04-15 02:00,0.303223,0.000000,0.1600,0.0600,2,4,1
2016-04-15 03:00,0.283624,0.000000,0.1600,0.0600,3,4,1
2016-04-15 04:00,0.294146,0.000000,0.1600,0.0600,4,4,1
2016-04-15 05:00,0.335586,0.000102,0.1600,0.0600,5,4,1
2016-04-15 06:00,0.275232,0.016198,0.1600,0.0600,6,4,1
2016-04-15 07:00,0.383549,0.076424,0.2200,0.0600,7,4,1
2016-04-15 08:00,0.474017,0.147739,0.2200,0.0600,8,4,1
2016-04-15 09:00,0.491302,0.212712,0.2200,0.0600,9,4,1
2016-04-15 10:00,0.474770,0.262455,0.2200,0.0600,10,4,1
2016-04-15 11:00,0.534861,0.291722,0.2200,0.0600,11,4,1
2016-04-15 12:00,0.549793,0.297750,0.2200,0.0600,12,4,1
2016-04-15 13:00,0.545649,0.279993,0.2200,0.0600,13,4,1
2016-04-15 14:00,0.546191,0.240082,0.2200,0.0600,14,4,1
2016-04-15 15:00,0.527896,0.181949,0.2200,0.0600,15,4,1
2016-04-15 16:00,0.512368,0.112389,0.2200,0.0600,16,4,1
2016-04-15 17:00,0.539239,0.043410,0.3400,0.0600,17,4,1
2016-04-15 18:00,0.488477,0.001639,0.3400,0.0600,18,4,1
2016-04-15 19:00,0.463103,0.000000,0.3400,0.0600,19,4,1
2016-04-15 20:00,0.413440,0.000000,0.3400,0.0600,20,4,1
2016-04-15 21:00,0.350239,0.000000,0.3400,0.0600,21,4,1
2016-04-15 22:00,0.291521,0.000000,0.1600,0.0600,22,4,1
2016-04-15 23:00,0.237003,0.000000,0.1600,0.0600,23,4,1
2016-04-16 00:00,0.404739,0.000000,0.2000,0.0600,0,5,0
2016-04-16 01:00,0.374335,0.000000,0.2000,0.0600,1,5,0
2016-04-16 02:00,0.366847,0.000000,0.2000,0.0600,2,5,0
2016-04-16 03:00,0.341711,0.000000,0.2000,0.0600,3,5,0
2016-04-16 04:00,0.398299,0.000000,0.2000,0.0600,4,5,0
2016-04-16 05:00,0.416324,0.000152,0.2000,0.0600,5,5,0
2016-04-16 06:00,0.381185,0.016533,0.2000,0.0600,6,5,0
2016-04-16 07:00,0.412600,0.073725,0.2000,0.0600,7,5,0
2016-04-16 08:00,0.471946,0.140675,0.2000,0.0600,8,5,0
2016-04-16 09:00,0.533714,0.201496,0.2000,0.0600,9,5,0
2016-04-16 10:00,0.500742,0.247992,0.2000,0.0600,10,5,0
2016-04-16 11:00,0.521496,0.275294,0.2000,0.0600,11,5,0
2016-04-16 12:00,0.552822,0.280841,0.2000,0.0600,12,5,0
2016-04-16 13:00,0.574811,0.264131,0.2000,0.0600,13,5,0
2016-04-16 14:00,0.550385,0.226693,0.2000,0.0600,14,5,0
2016-04-16 15:00,0.519840,0.172196,0.2000,0.0600,15,5,0
2016-04-16 16:00,0.513857,0.106956,0.2000,0.0600,16,5,0
2016-04-16 17:00,0.510427,0.042053,0.2000,0.0600,17,5,0
2016-04-16 18:00,0.524838,0.001862,0.2000,0.0600,18,5,0
2016-04-16 19:00,0.525078,0.000000,0.2000,0.0600,19,5,0
2016-04-16 20:00,0.477142,0.000000,0.2000,0.0600,20,5,0
2016-04-16 21:00,0.390001,0.000000,0.2000,0.0600,21,5,0
2016-04-16 22:00,0.372029,0.000000,0.2000,0.0600,22,5,0
2016-04-16 23:00,0.364081,0.000000,0.2000,0.0600,23,5,0
2016-04-17 00:00,0.399780,0.000000,0.2000,0.0600,0,6,0
2016-04-17 01:00,0.385896,0.000000,0.2000,0.0600,1,6,0
2016-04-17 02:00,0.396772,0.000000,0.2000,0.0600,2,6,0
2016-04-17 03:00,0.439703,0.000000,0.2000,0.0600,3,6,0
2016-04-17 04:00,0.399842,0.000000,0.2000,0.0600,4,6,0
2016-04-17 05:00,0.415026,0.000250,0.2000,0.0600,5,6,0
2016-04-17 06:00,0.384005,0.021519,0.2000,0.0600,6,6,0
2016-04-17 07:00,0.468055,0.091060,0.2000,0.0600,7,6,0
2016-04-17 08:00,0.521574,0.171600,0.2000,0.0600,8,6,0
2016-04-17 09:00,0.534159,0.244569,0.2000,0.0600,9,6,0
2016-04-17 10:00,0.522499,0.300269,0.2000,0.0600,10,6,0
2016-04-17 11:00,0.521998,0.332916,0.2000,0.0600,11,6,0
2016-04-17 12:00,0.544085,0.339458,0.2000,0.0600,12,6,0
2016-04-17 13:00,0.565641,0.319308,0.2000,0.0600,13,6,0
2016-04-17 14:00,0.569461,0.274302,0.2000,0.0600,14,6,0
2016-04-17 15:00,0.517748,0.208828,0.2000,0.0600,15,6,0
2016-04-17 16:00,0.531491,0.130412,0.2000,0.0600,16,6,0
2016-04-17 17:00,0.527421,0.052161,0.2000,0.0600,17,6,0
2016-04-17 18:00,0.506794,0.002670,0.2000,0.0600,18,6,0
2016-04-17 19:00,0.498253,0.000000,0.2000,0.0600,19,6,0
2016-04-17 20:00,0.441075,0.000000,0.2000,0.0600,20,6,0
2016-04-17 21:00,0.387032,0.000000,0.2000,0.0600,21,6,0
2016-04-17 22:00,0.330347,0.000000,0.2000,0.0600,22,6,0
2016-04-17 23:00,0.314892,0.000000,0.2000,0.0600,23,6,0
2016-04-18 00:00,0.307304,0.000000,0.1600,0.0600,0,0,1
2016-04-18 01:00,0.346293,0.000000,0.1600,0.0600,1,0,1
2016-04-18 02:00,0.338455,0.000000,0.1600,0.0600,2,0,1
2016-04-18 03:00,0.328202,0.000000,0.1600,0.0600,3,0,1
2016-04-18 04:00,0.319787,0.000000,0.1600,0.0600,4,0,1
2016-04-18 05:00,0.362644,0.000304,0.1600,0.0600,5,0,1
2016-04-18 06:00,0.317545,0.022311,0.1600,0.0600,6,0,1
2016-04-18 07:00,0.375779,0.089924,0.2200,0.0600,7,0,1
2016-04-18 08:00,0.455770,0.167455,0.2200,0.0600,8,0,1
2016-04-18 09:00,0.498094,0.237512,0.2200,0.0600,9,0,1
2016-04-18 10:00,0.470287,0.290916,0.2200,0.0600,10,0,1
2016-04-18 11:00,0.500543,0.322159,0.2200,0.0600,11,0,1
2016-04-18 12:00,0.550205,0.328336,0.2200,0.0600,12,0,1
2016-04-18 13:00,0.553640,0.308894,0.2200,0.0600,13,0,1
2016-04-18 14:00,0.546709,0.265597,0.2200,0.0600,14,0,1
2016-04-18 15:00,0.495376,0.202647,0.2200,0.0600,15,0,1
2016-04-18 16:00,0.482673,0.127220,0.2200,0.0600,16,0,1
2016-04-18 17:00,0.492055,0.051731,0.3400,0.0600,17,0,1
2016-04-18 18:00,0.457656,0.003024,0.3400,0.0600,18,0,1
2016-04-18 19:00,0.450291,0.000000,0.3400,0.0600,19,0,1
2016-04-18 20:00,0.386406,0.000000,0.3400,0.0600,20,0,1
2016-04-18 21:00,0.366445,0.000000,0.3400,0.0600,21,0,1
2016-04-18 22:00,0.270907,0.000000,0.1600,0.0600,22,0,1
2016-04-18 23:00,0.203703,0.000000,0.1600,0.0600,23,0,1
2016-04-19 00:00,0.289464,0.000000,0.1600,0.0600,0,1,1
2016-04-19 01:00,0.303890,0.000000,0.1600,0.0600,1,1,1
2016-04-19 02:00,0.272541,0.000000,0.1600,0.0600,2,1,1
2016-04-19 03:00,0.311396,0.000000,0.1600,0.0600,3,1,1
2016-04-19 04:00,0.302287,0.000000,0.1600,0.0600,4,1,1
2016-04-19 05:00,0.326679,0.000265,0.1600,0.0600,5,1,1
2016-04-19 06:00,0.285414,0.017272,0.1600,0.0600,6,1,1
2016-04-19 07:00,0.396836,0.066526,0.2200,0.0600,7,1,1
2016-04-19 08:00,0.450406,0.122478,0.2200,0.0600,8,1,1
2016-04-19 09:00,0.488774,0.172913,0.2200,0.0600,9,1,1
2016-04-19 10:00,0.480363,0.211306,0.2200,0.0600,10,1,1
2016-04-19 11:00,0.502127,0.233727,0.2200,0.0600,11,1,1
2016-04-19 12:00,0.560135,0.238101,0.2200,0.0600,12,1,1
2016-04-19 13:00,0.554332,0.224037,0.2200,0.0600,13,1,1
2016-04-19 14:00,0.541335,0.192808,0.2200,0.0600,14,1,1
2016-04-19 15:00,0.526086,0.147428,0.2200,0.0600,15,1,1
2016-04-19 16:00,0.477593,0.093031,0.2200,0.0600,16,1,1
2016-04-19 17:00,0.484019,0.038436,0.3400,0.0600,17,1,1
2016-04-19 18:00,0.458726,0.002538,0.3400,0.0600,18,1,1
2016-04-19 19:00,0.430648,0.000000,0.3400,0.0600,19,1,1
2016-04-19 20:00,0.386798,0.000000,0.3400,0.0600,20,1,1
2016-04-19 21:00,0.340623,0.000000,0.3400,0.0600,21,1,1
2016-04-19 22:00,0.306092,0.000000,0.1600,0.0600,22,1,1
2016-04-19 23:00,0.257457,0.000000,0.1600,0.0600,23,1,1
2016-04-20 00:00,0.336699,0.000000,0.1600,0.0600,0,2,1
2016-04-20 01:00,0.324761,0.000000,0.1600,0.0600,1,2,1
2016-04-20 02:00,0.334031,0.000000,0.1600,0.0600,2,2,1
2016-04-20 03:00,0.324287,0.000000,0.1600,0.0600,3,2,1
2016-04-20 04:00,0.356086,0.000000,0.1600,0.0600,4,2,1
2016-04-20 05:00,0.357024,0.000432,0.1600,0.0600,5,2,1
2016-04-20 06:00,0.300478,0.025755,0.1600,0.0600,6,2,1
2016-04-20 07:00,0.388473,0.095089,0.2200,0.0600,7,2,1
2016-04-20 08:00,0.463797,0.173167,0.2200,0.0600,8,2,1
2016-04-20 09:00,0.500082,0.243379,0.2200,0.0600,9,2,1
2016-04-20 10:00,0.503713,0.296757,0.2200,0.0600,10,2,1
2016-04-20 11:00,0.504814,0.327876,0.2200,0.0600,11,2,1
2016-04-20 12:00,0.534633,0.333867,0.2200,0.0600,12,2,1
2016-04-20 13:00,0.558707,0.314198,0.2200,0.0600,13,2,1
2016-04-20 14:00,0.525899,0.270641,0.2200,0.0600,14,2,1
2016-04-20 15:00,0.501445,0.207382,0.2200,0.0600,15,2,1
2016-04-20 16:00,0.527936,0.131522,0.2200,0.0600,16,2,1
2016-04-20 17:00,0.512800,0.055178,0.3400,0.0600,17,2,1
2016-04-20 18:00,0.488257,0.004077,0.3400,0.0600,18,2,1
2016-04-20 19:00,0.466195,0.000000,0.3400,0.0600,19,2,1
2016-04-20 20:00,0.442774,0.000000,0.3400,0.0600,20,2,1
2016-04-20 21:00,0.371626,0.000000,0.3400,0.0600,21,2,1
2016-04-20 22:00,0.282283,0.000000,0.1600,0.0600,22,2,1
2016-04-20 23:00,0.218018,0.000000,0.1600,0.0600,23,2,1
2016-04-21 00:00,0.324356,0.000000,0.1600,0.0600,0,3,1
2016-04-21 01:00,0.324589,0.000000,0.1600,0.0600,1,3,1
2016-04-21 02:00,0.345328,0.000000,0.1600,0.0600,2,3,1
2016-04-21 03:00,0.353790,0.000000,0.1600,0.0600,3,3,1
2016-04-21 04:00,0.350324,0.000000,0.1600,0.0600,4,3,1
2016-04-21 05:00,0.374097,0.000506,0.1600,0.0600,5,3,1
2016-04-21 06:00,0.321349,0.028187,0.1600,0.0600,6,3,1
2016-04-21 07:00,0.441979,0.100031,0.2200,0.0600,7,3,1
2016-04-21 08:00,0.512524,0.180276,0.2200,0.0600,8,3,1
2016-04-21 09:00,0.504501,0.252273,0.2200,0.0600,9,3,1
2016-04-21 10:00,0.493419,0.306940,0.2200,0.0600,10,3,1
2016-04-21 11:00,0.505018,0.338756,0.2200,0.0600,11,3,1
2016-04-21 12:00,0.535319,0.344803,0.2200,0.0600,12,3,1
2016-04-21 13:00,0.564463,0.324544,0.2200,0.0600,13,3,1
2016-04-21 14:00,0.565075,0.279798,0.2200,0.0600,14,3,1
2016-04-21 15:00,0.512059,0.214845,0.2200,0.0600,15,3,1
2016-04-21 16:00,0.485312,0.136924,0.2200,0.0600,16,3,1
2016-04-21 17:00,0.444974,0.058301,0.3400,0.0600,17,3,1
2016-04-21 18:00,0.433033,0.004780,0.3400,0.0600,18,3,1
2016-04-21 19:00,0.413345,0.000000,0.3400,0.0600,19,3,1
2016-04-21 20:00,0.393390,0.000000,0.3400,0.0600,20,3,1
2016-04-21 21:00,0.340818,0.000000,0.3400,0.0600,21,3,1
2016-04-21 22:00,0.276456,0.000000,0.1600,0.0600,22,3,1
2016-04-21 23:00,0.245462,0.000000,0.1600,0.0600,23,3,1
2016-04-22 00:00,0.311369,0.000000,0.1600,0.0600,0,4,1
2016-04-22 01:00,0.281626,0.000000,0.1600,0.0600,1,4,1
2016-04-22 02:00,0.315962,0.000000,0.1600,0.0600,2,4,1
2016-04-22 03:00,0.297374,0.000000,0.1600,0.0600,3,4,1
2016-04-22 04:00,0.319939,0.000000,0.1600,0.0600,4,4,1
2016-04-22 05:00,0.355666,0.000438,0.1600,0.0600,5,4,1
2016-04-22 06:00,0.306475,0.023044,0.1600,0.0600,6,4,1
2016-04-22 07:00,0.400494,0.078808,0.2200,0.0600,7,4,1
2016-04-22 08:00,0.466084,0.140615,0.2200,0.0600,8,4,1
2016-04-22 09:00,0.526458,0.195950,0.2200,0.0600,9,4,1
2016-04-22 10:00,0.507301,0.237915,0.2200,0.0600,10,4,1
2016-04-22 11:00,0.528773,0.262299,0.2200,0.0600,11,4,1
2016-04-22 12:00,0.560922,0.266875,0.2200,0.0600,12,4,1
2016-04-22 13:00,0.568626,0.251237,0.2200,0.0600,13,4,1
2016-04-22 14:00,0.555142,0.216786,0.2200,0.0600,14,4,1
2016-04-22 15:00,0.570892,0.166802,0.2200,0.0600,15,4,1
2016-04-22 16:00,0.551244,0.106815,0.2200,0.0600,16,4,1
2016-04-22 17:00,0.519541,0.046135,0.3400,0.0600,17,4,1
2016-04-22 18:00,0.507615,0.004165,0.3400,0.0600,18,4,1
2016-04-22 19:00,0.477552,0.000000,0.3400,0.0600,19,4,1
2016-04-22 20:00,0.423505,0.000000,0.3400,0.0600,20,4,1
2016-04-22 21:00,0.364504,0.000000,0.3400,0.0600,21,4,1
2016-04-22 22:00,0.286935,0.000000,0.1600,0.0600,22,4,1
2016-04-22 23:00,0.256211,0.000000,0.1600,0.0600,23,4,1
2016-04-23 00:00,0.398220,0.000000,0.2000,0.0600,0,5,0
2016-04-23 01:00,0.370746,0.000000,0.2000,0.0600,1,5,0
2016-04-23 02:00,0.377209,0.000000,0.2000,0.0600,2,5,0
2016-04-23 03:00,0.348927,0.000000,0.2000,0.0600,3,5,0
2016-04-23 04:00,0.351355,0.000000,0.2000,0.0600,4,5,0
2016-04-23 05:00,0.414085,0.000586,0.2000,0.0600,5,5,0
2016-04-23 06:00,0.384148,0.029514,0.2000,0.0600,6,5,0
2016-04-23 07:00,0.459959,0.097490,0.2000,0.0600,7,5,0
2016-04-23 08:00,0.524196,0.172291,0.2000,0.0600,8,5,0
2016-04-23 09:00,0.542973,0.239121,0.2000,0.0600,9,5,0
2016-04-23 10:00,0.510674,0.289746,0.2000,0.0600,10,5,0
2016-04-23 11:00,0.529471,0.319116,0.2000,0.0600,11,5,0
2016-04-23 12:00,0.578062,0.324559,0.2000,0.0600,12,5,0
2016-04-23 13:00,0.568596,0.305595,0.2000,0.0600,13,5,0
2016-04-23 14:00,0.530620,0.263916,0.2000,0.0600,14,5,0
2016-04-23 15:00,0.539565,0.203474,0.2000,0.0600,15,5,0
2016-04-23 16:00,0.511703,0.130908,0.2000,0.0600,16,5,0
2016-04-23 17:00,0.532219,0.057327,0.2000,0.0600,17,5,0
2016-04-23 18:00,0.529939,0.005659,0.2000,0.0600,18,5,0
2016-04-23 19:00,0.488814,0.000000,0.2000,0.0600,19,5,0
2016-04-23 20:00,0.436515,0.000000,0.2000,0.0600,20,5,0
2016-04-23 21:00,0.387746,0.000000,0.2000,0.0600,21,5,0
2016-04-23 22:00,0.353336,0.000000,0.2000,0.0600,22,5,0
2016-04-23 23:00,0.321210,0.000000,0.2000,0.0600,23,5,0
2016-04-24 00:00,0.400156,0.000000,0.2000,0.0600,0,6,0
2016-04-24 01:00,0.385043,0.000000,0.2000,0.0600,1,6,0
2016-04-24 02:00,0.415690,0.000000,0.2000,0.0600,2,6,0
2016-04-24 03:00,0.399697,0.000000,0.2000,0.0600,3,6,0
2016-04-24 04:00,0.424219,0.000000,0.2000,0.0600,4,6,0
2016-04-24 05:00,0.447793,0.000517,0.2000,0.0600,5,6,0
2016-04-24 06:00,0.390389,0.025071,0.2000,0.0600,6,6,0
2016-04-24 07:00,0.488712,0.080159,0.2000,0.0600,7,6,0
2016-04-24 08:00,0.528502,0.140370,0.2000,0.0600,8,6,0
2016-04-24 09:00,0.542769,0.194059,0.2000,0.0600,9,6,0
2016-04-24 10:00,0.544445,0.234685,0.2000,0.0600,10,6,0
2016-04-24 11:00,0.580268,0.258218,0.2000,0.0600,11,6,0
2016-04-24 12:00,0.575786,0.262527,0.2000,0.0600,12,6,0
2016-04-24 13:00,0.593447,0.247232,0.2000,0.0600,13,6,0
2016-04-24 14:00,0.594865,0.213695,0.2000,0.0600,14,6,0
2016-04-24 15:00,0.575559,0.165080,0.2000,0.0600,15,6,0
2016-04-24 16:00,0.511998,0.106691,0.2000,0.0600,16,6,0
2016-04-24 17:00,0.513725,0.047350,0.2000,0.0600,17,6,0
2016-04-24 18:00,0.489703,0.005080,0.2000,0.0600,18,6,0
2016-04-24 19:00,0.474135,0.000000,0.2000,0.0600,19,6,0
2016-04-24 20:00,0.451738,0.000000,0.2000,0.0600,20,6,0
2016-04-24 21:00,0.408808,0.000000,0.2000,0.0600,21,6,0
2016-04-24 22:00,0.354879,0.000000,0.2000,0.0600,22,6,0
2016-04-24 23:00,0.294168,0.000000,0.2000,0.0600,23,6,0
2016-04-25 00:00,0.292983,0.000000,0.1600,0.0600,0,0,1
2016-04-25 01:00,0.268245,0.000000,0.1600,0.0600,1,0,1
2016-04-25 02:00,0.301777,0.000000,0.1600,0.0600,2,0,1
2016-04-25 03:00,0.303954,0.000000,0.1600,0.0600,3,0,1
2016-04-25 04:00,0.308022,0.000000,0.1600,0.0600,4,0,1
2016-04-25 05:00,0.336536,0.000653,0.1600,0.0600,5,0,1
2016-04-25 06:00,0.276310,0.030700,0.1600,0.0600,6,0,1
2016-04-25 07:00,0.392044,0.095199,0.2200,0.0600,7,0,1
2016-04-25 08:00,0.497072,0.165248,0.2200,0.0600,8,0,1
2016-04-25 09:00,0.511567,0.227593,0.2200,0.0600,9,0,1
2016-04-25 10:00,0.517105,0.274717,0.2200,0.0600,10,0,1
2016-04-25 11:00,0.519690,0.301977,0.2200,0.0600,11,0,1
2016-04-25 12:00,0.549237,0.306909,0.2200,0.0600,12,0,1
2016-04-25 13:00,0.575321,0.289083,0.2200,0.0600,13,0,1
2016-04-25 14:00,0.527974,0.250078,0.2200,0.0600,14,0,1
2016-04-25 15:00,0.494075,0.193561,0.2200,0.0600,15,0,1
2016-04-25 16:00,0.484156,0.125657,0.2200,0.0600,16,0,1
2016-04-25 17:00,0.482910,0.056490,0.3400,0.0600,17,0,1
2016-04-25 18:00,0.479208,0.006550,0.3400,0.0600,18,0,1
2016-04-25 19:00,0.469582,0.000000,0.3400,0.0600,19,0,1
2016-04-25 20:00,0.409785,0.000000,0.3400,0.0600,20,0,1
2016-04-25 21:00,0.346015,0.000000,0.3400,0.0600,21,0,1
2016-04-25 22:00,0.284357,0.000000,0.1600,0.0600,22,0,1
2016-04-25 23:00,0.264075,0.000000,0.1600,0.0600,23,0,1
2016-04-26 00:00,0.361502,0.000000,0.1600,0.0600,0,1,1
2016-04-26 01:00,0.359717,0.000000,0.1600,0.0600,1,1,1
2016-04-26 02:00,0.351730,0.000000,0.1600,0.0600,2,1,1
2016-04-26 03:00,0.327758,0.000000,0.1600,0.0600,3,1,1
2016-04-26 04:00,0.336663,0.000000,0.1600,0.0600,4,1,1
2016-04-26 05:00,0.367366,0.000616,0.1600,0.0600,5,1,1
2016-04-26 06:00,0.296705,0.028205,0.1600,0.0600,6,1,1
2016-04-26 07:00,0.394055,0.084982,0.2200,0.0600,7,1,1
2016-04-26 08:00,0.472178,0.146275,0.2200,0.0600,8,1,1
2016-04-26 09:00,0.512396,0.200730,0.2200,0.0600,9,1,1
2016-04-26 10:00,0.493503,0.241850,0.2200,0.0600,10,1,1
2016-04-26 11:00,0.504811,0.265602,0.2200,0.0600,11,1,1
2016-04-26 12:00,0.536924,0.269851,0.2200,0.0600,12,1,1
2016-04-26 13:00,0.612605,0.254226,0.2200,0.0600,13,1,1
2016-04-26 14:00,0.606315,0.220107,0.2200,0.0600,14,1,1
2016-04-26 15:00,0.563066,0.170689,0.2200,0.0600,15,1,1
2016-04-26 16:00,0.541267,0.111291,0.2200,0.0600,16,1,1
2016-04-26 17:00,0.520112,0.050659,0.3400,0.0600,17,1,1
2016-04-26 18:00,0.531265,0.006317,0.3400,0.0600,18,1,1
2016-04-26 19:00,0.501402,0.000000,0.3400,0.0600,19,1,1
2016-04-26 20:00,0.418494,0.000000,0.3400,0.0600,20,1,1
2016-04-26 21:00,0.355699,0.000000,0.3400,0.0600,21,1,1
2016-04-26 22:00,0.305861,0.000000,0.1600,0.0600,22,1,1
2016-04-26 23:00,0.273431,0.000000,0.1600,0.0600,23,1,1
2016-04-27 00:00,0.331036,0.000000,0.1600,0.0600,0,2,1
2016-04-27 01:00,0.345081,0.000000,0.1600,0.0600,1,2,1
2016-04-27 02:00,0.366977,0.000000,0.1600,0.0600,2,2,1
2016-04-27 03:00,0.377788,0.000000,0.1600,0.0600,3,2,1
2016-04-27 04:00,0.358244,0.000000,0.1600,0.0600,4,2,1
2016-04-27 05:00,0.404148,0.000811,0.1600,0.0600,5,2,1
2016-04-27 06:00,0.318347,0.036372,0.1600,0.0600,6,2,1
2016-04-27 07:00,0.389408,0.106655,0.2200,0.0600,7,2,1
2016-04-27 08:00,0.458712,0.182105,0.2200,0.0600,8,2,1
2016-04-27 09:00,0.477621,0.249023,0.2200,0.0600,9,2,1
2016-04-27 10:00,0.483356,0.299504,0.2200,0.0600,10,2,1
2016-04-27 11:00,0.492882,0.328627,0.2200,0.0600,11,2,1
2016-04-27 12:00,0.506623,0.333780,0.2200,0.0600,12,2,1
2016-04-27 13:00,0.543464,0.314514,0.2200,0.0600,13,2,1
2016-04-27 14:00,0.525243,0.272527,0.2200,0.0600,14,2,1
2016-04-27 15:00,0.508022,0.211737,0.2200,0.0600,15,2,1
2016-04-27 16:00,0.492159,0.138643,0.2200,0.0600,16,2,1
2016-04-27 17:00,0.499966,0.063874,0.3400,0.0600,17,2,1
2016-04-27 18:00,0.491909,0.008524,0.3400,0.0600,18,2,1
2016-04-27 19:00,0.458543,0.000000,0.3400,0.0600,19,2,1
2016-04-27 20:00,0.400685,0.000000,0.3400,0.0600,20,2,1
2016-04-27 21:00,0.356546,0.000000,0.3400,0.0600,21,2,1
2016-04-27 22:00,0.311655,0.000000,0.1600,0.0600,22,2,1
2016-04-27 23:00,0.262639,0.000000,0.1600,0.0600,23,2,1
2016-04-28 00:00,0.307726,0.000000,0.1600,0.0600,0,3,1
2016-04-28 01:00,0.322387,0.000000,0.1600,0.0600,1,3,1
2016-04-28 02:00,0.295027,0.000000,0.1600,0.0600,2,3,1
2016-04-28 03:00,0.316339,0.000000,0.1600,0.0600,3,3,1
2016-04-28 04:00,0.336962,0.000000,0.1600,0.0600,4,3,1
2016-04-28 05:00,0.340462,0.000638,0.1600,0.0600,5,3,1
2016-04-28 06:00,0.303429,0.028056,0.1600,0.0600,6,3,1
2016-04-28 07:00,0.390443,0.080194,0.2200,0.0600,7,3,1
2016-04-28 08:00,0.451405,0.135868,0.2200,0.0600,8,3,1
2016-04-28 09:00,0.514364,0.185167,0.2200,0.0600,9,3,1
2016-04-28 10:00,0.529458,0.222323,0.2200,0.0600,10,3,1
2016-04-28 11:00,0.511847,0.243731,0.2200,0.0600,11,3,1
2016-04-28 12:00,0.542348,0.247479,0.2200,0.0600,12,3,1
2016-04-28 13:00,0.567747,0.233242,0.2200,0.0600,13,3,1
2016-04-28 14:00,0.558208,0.202269,0.2200,0.0600,14,3,1
2016-04-28 15:00,0.504863,0.157440,0.2200,0.0600,15,3,1
2016-04-28 16:00,0.477843,0.103519,0.2200,0.0600,16,3,1
2016-04-28 17:00,0.496800,0.048252,0.3400,0.0600,17,3,1
2016-04-28 18:00,0.483474,0.006863,0.3400,0.0600,18,3,1
2016-04-28 19:00,0.483153,0.000000,0.3400,0.0600,19,3,1
2016-04-28 20:00,0.451582,0.000000,0.3400,0.0600,20,3,1
2016-04-28 21:00,0.404145,0.000000,0.3400,0.0600,21,3,1
2016-04-28 22:00,0.323550,0.000000,0.1600,0.0600,22,3,1
2016-04-28 23:00,0.277075,0.000000,0.1600,0.0600,23,3,1
2016-04-29 00:00,0.333617,0.000000,0.1600,0.0600,0,4,1
2016-04-29 01:00,0.326460,0.000000,0.1600,0.0600,1,4,1
2016-04-29 02:00,0.327463,0.000000,0.1600,0.0600,2,4,1
2016-04-29 03:00,0.343731,0.000000,0.1600,0.0600,3,4,1
2016-04-29 04:00,0.369327,0.000000,0.1600,0.0600,4,4,1
2016-04-29 05:00,0.409337,0.000976,0.1600,0.0600,5,4,1
2016-04-29 06:00,0.353554,0.041047,0.1600,0.0600,6,4,1
2016-04-29 07:00,0.461929,0.114531,0.2200,0.0600,7,4,1
2016-04-29 08:00,0.514151,0.192609,0.2200,0.0600,8,4,1
2016-04-29 09:00,0.512982,0.261641,0.2200,0.0600,9,4,1
2016-04-29 10:00,0.511817,0.313623,0.2200,0.0600,10,4,1
2016-04-29 11:00,0.531206,0.343539,0.2200,0.0600,11,4,1
2016-04-29 12:00,0.544460,0.348724,0.2200,0.0600,12,4,1
2016-04-29 13:00,0.577945,0.328729,0.2200,0.0600,13,4,1
2016-04-29 14:00,0.536430,0.285307,0.2200,0.0600,14,4,1
2016-04-29 15:00,0.506405,0.222476,0.2200,0.0600,15,4,1
2016-04-29 16:00,0.494183,0.146876,0.2200,0.0600,16,4,1
2016-04-29 17:00,0.495340,0.069238,0.3400,0.0600,17,4,1
2016-04-29 18:00,0.455906,0.010456,0.3400,0.0600,18,4,1
2016-04-29 19:00,0.439578,0.000000,0.3400,0.0600,19,4,1
2016-04-29 20:00,0.412282,0.000000,0.3400,0.0600,20,4,1
2016-04-29 21:00,0.333261,0.000000,0.3400,0.0600,21,4,1
2016-04-29 22:00,0.288766,0.000000,0.1600,0.0600,22,4,1
2016-04-29 23:00,0.228299,0.000000,0.1600,0.0600,23,4,1
2016-04-30 00:00,0.392950,0.000000,0.2000,0.0600,0,5,0
2016-04-30 01:00,0.405077,0.000000,0.2000,0.0600,1,5,0
2016-04-30 02:00,0.392081,0.000000,0.2000,0.0600,2,5,0
2016-04-30 03:00,0.417958,0.000000,0.2000,0.0600,3,5,0
2016-04-30 04:00,0.428495,0.000000,0.2000,0.0600,4,5,0
2016-04-30 05:00,0.436698,0.000990,0.2000,0.0600,5,5,0
2016-04-30 06:00,0.381074,0.033233,0.2000,0.0600,6,5,0
2016-04-30 07:00,0.480785,0.090642,0.2000,0.0600,7,5,0
2016-04-30 08:00,0.529209,0.151354,0.2000,0.0600,8,5,0
2016-04-30 09:00,0.581241,0.204953,0.2000,0.0600,9,5,0
2016-04-30 10:00,0.561466,0.245281,0.2000,0.0600,10,5,0
2016-04-30 11:00,0.589707,0.268463,0.2000,0.0600,11,5,0
2016-04-30 12:00,0.601081,0.272443,0.2000,0.0600,12,5,0
2016-04-30 13:00,0.584676,0.256876,0.2000,0.0600,13,5,0
2016-04-30 14:00,0.584965,0.223123,0.2000,0.0600,14,5,0
2016-04-30 15:00,0.543974,0.174297,0.2000,0.0600,15,5,0
2016-04-30 16:00,0.537822,0.115525,0.2000,0.0600,16,5,0
2016-04-30 17:00,0.557354,0.055057,0.2000,0.0600,17,5,0
2016-04-30 18:00,0.534634,0.008796,0.2000,0.0600,18,5,0
2016-04-30 19:00,0.490473,0.000000,0.2000,0.0600,19,5,0
2016-04-30 20:00,0.467339,0.000000,0.2000,0.0600,20,5,0
2016-04-30 21:00,0.438664,0.000000,0.2000,0.0600,21,5,0
2016-04-30 22:00,0.396404,0.000000,0.2000,0.0600,22,5,0
2016-04-30 23:00,0.370845,0.000000,0.2000,0.0600,23,5,0
2016-05-01 00:00,0.409052,0.000000,0.2000,0.0600,0,6,0
2016-05-01 01:00,0.410760,0.000000,0.2000,0.0600,1,6,0
2016-05-01 02:00,0.393567,0.000000,0.2000,0.0600,2,6,0
2016-05-01 03:00,0.382438,0.000000,0.2000,0.0600,3,6,0
2016-05-01 04:00,0.377084,0.000000,0.2000,0.0600,4,6,0
2016-05-01 05:00,0.422998,0.001715,0.2000,0.0600,5,6,0
2016-05-01 06:00,0.387601,0.047202,0.2000,0.0600,6,6,0
2016-05-01 07:00,0.445536,0.126000,0.2000,0.0600,7,6,0
2016-05-01 08:00,0.522747,0.208963,0.2000,0.0600,8,6,0
2016-05-01 09:00,0.536998,0.282107,0.2000,0.0600,9,6,0
2016-05-01 10:00,0.516845,0.337095,0.2000,0.0600,10,6,0
2016-05-01 11:00,0.536104,0.368672,0.2000,0.0600,11,6,0
2016-05-01 12:00,0.535006,0.374044,0.2000,0.0600,12,6,0
2016-05-01 13:00,0.575643,0.352748,0.2000,0.0600,13,6,0
2016-05-01 14:00,0.562543,0.306640,0.2000,0.0600,14,6,0
2016-05-01 15:00,0.531794,0.239957,0.2000,0.0600,15,6,0
2016-05-01 16:00,0.523394,0.159664,0.2000,0.0600,16,6,0
2016-05-01 17:00,0.509699,0.076901,0.2000,0.0600,17,6,0
2016-05-01 18:00,0.490926,0.012956,0.2000,0.0600,18,6,0
2016-05-01 19:00,0.453847,0.000000,0.2000,0.0600,19,6,0
2016-05-01 20:00,0.413132,0.000000,0.2000,0.0600,20,6,0
2016-05-01 21:00,0.381013,0.000000,0.2000,0.0600,21,6,0
2016-05-01 22:00,0.351677,0.000000,0.2000,0.0600,22,6,0
2016-05-01 23:00,0.327252,0.000000,0.2000,0.0600,23,6,0
2016-05-02 00:00,0.300745,0.000000,0.1600,0.0600,0,0,1
2016-05-02 01:00,0.294428,0.000000,0.1600,0.0600,1,0,1
2016-05-02 02:00,0.288666,0.000000,0.1600,0.0600,2,0,1
2016-05-02 03:00,0.320918,0.000000,0.1600,0.0600,3,0,1
2016-05-02 04:00,0.313639,0.000000,0.1600,0.0600,4,0,1
2016-05-02 05:00,0.357566,0.001613,0.1600,0.0600,5,0,1
2016-05-02 06:00,0.300199,0.037222,0.1600,0.0600,6,0,1
2016-05-02 07:00,0.382669,0.097358,0.2200,0.0600,7,0,1
2016-05-02 08:00,0.480019,0.160408,0.2200,0.0600,8,0,1
2016-05-02 09:00,0.506810,0.215923,0.2200,0.0600,9,0,1
2016-05-02 10:00,0.526681,0.257627,0.2200,0.0600,10,0,1
2016-05-02 11:00,0.526614,0.281552,0.2200,0.0600,11,0,1
2016-05-02 12:00,0.546189,0.285588,0.2200,0.0600,12,0,1
2016-05-02 13:00,0.576489,0.269388,0.2200,0.0600,13,0,1
2016-05-02 14:00,0.551372,0.234359,0.2200,0.0600,14,0,1
2016-05-02 15:00,0.550198,0.183711,0.2200,0.0600,15,0,1
2016-05-02 16:00,0.496494,0.122702,0.2200,0.0600,16,0,1
2016-05-02 17:00,0.508895,0.059707,0.3400,0.0600,17,0,1
2016-05-02 18:00,0.484103,0.010575,0.3400,0.0600,18,0,1
2016-05-02 19:00,0.481989,0.000004,0.3400,0.0600,19,0,1
2016-05-02 20:00,0.426586,0.000000,0.3400,0.0600,20,0,1
2016-05-02 21:00,0.380581,0.000000,0.3400,0.0600,21,0,1
2016-05-02 22:00,0.309532,0.000000,0.1600,0.0600,22,0,1
2016-05-02 23:00,0.233396,0.000000,0.1600,0.0600,23,0,1
2016-05-03 00:00,0.315841,0.000000,0.1600,0.0600,0,1,1
2016-05-03 01:00,0.334180,0.000000,0.1600,0.0600,1,1,1
2016-05-03 02:00,0.354471,0.000000,0.1600,0.0600,2,1,1
2016-05-03 03:00,0.318884,0.000000,0.1600,0.0600,3,1,1
2016-05-03 04:00,0.330705,0.000000,0.1600,0.0600,4,1,1
2016-05-03 05:00,0.373288,0.002396,0.1600,0.0600,5,1,1
2016-05-03 06:00,0.288645,0.047241,0.1600,0.0600,6,1,1
2016-05-03 07:00,0.365504,0.121209,0.2200,0.0600,7,1,1
2016-05-03 08:00,0.439407,0.198456,0.2200,0.0600,8,1,1
2016-05-03 09:00,0.439649,0.266386,0.2200,0.0600,9,1,1
2016-05-03 10:00,0.440893,0.317382,0.2200,0.0600,10,1,1
2016-05-03 11:00,0.486534,0.346611,0.2200,0.0600,11,1,1
2016-05-03 12:00,0.540968,0.351503,0.2200,0.0600,12,1,1
2016-05-03 13:00,0.547851,0.331638,0.2200,0.0600,13,1,1
2016-05-03 14:00,0.574566,0.288739,0.2200,0.0600,14,1,1
2016-05-03 15:00,0.528236,0.226721,0.2200,0.0600,15,1,1
2016-05-03 16:00,0.495876,0.151991,0.2200,0.0600,16,1,1
2016-05-03 17:00,0.478616,0.074695,0.3400,0.0600,17,1,1
2016-05-03 18:00,0.465321,0.013870,0.3400,0.0600,18,1,1
2016-05-03 19:00,0.468307,0.000050,0.3400,0.0600,19,1,1
2016-05-03 20:00,0.403410,0.000000,0.3400,0.0600,20,1,1
2016-05-03 21:00,0.353687,0.000000,0.3400,0.0600,21,1,1
2016-05-03 22:00,0.288881,0.000000,0.1600,0.0600,22,1,1
2016-05-03 23:00,0.249029,0.000000,0.1600,0.0600,23,1,1
2016-05-04 00:00,0.343620,0.000000,0.1600,0.0600,0,2,1
2016-05-04 01:00,0.343746,0.000000,0.1600,0.0600,1,2,1
2016-05-04 02:00,0.340885,0.000000,0.1600,0.0600,2,2,1
2016-05-04 03:00,0.345855,0.000000,0.1600,0.0600,3,2,1
2016-05-04 04:00,0.364110,0.000000,0.1600,0.0600,4,2,1
2016-05-04 05:00,0.381081,0.001984,0.1600,0.0600,5,2,1
2016-05-04 06:00,0.315197,0.033972,0.1600,0.0600,6,2,1
2016-05-04 07:00,0.385858,0.085590,0.2200,0.0600,7,2,1
2016-05-04 08:00,0.462660,0.139297,0.2200,0.0600,8,2,1
2016-05-04 09:00,0.467837,0.186470,0.2200,0.0600,9,2,1
2016-05-04 10:00,0.467784,0.221860,0.2200,0.0600,10,2,1
2016-05-04 11:00,0.495880,0.242127,0.2200,0.0600,11,2,1
2016-05-04 12:00,0.580456,0.245495,0.2200,0.0600,12,2,1
2016-05-04 13:00,0.596326,0.231674,0.2200,0.0600,13,2,1
2016-05-04 14:00,0.582916,0.201861,0.2200,0.0600,14,2,1
2016-05-04 15:00,0.535158,0.158768,0.2200,0.0600,15,2,1
2016-05-04 16:00,0.523663,0.106821,0.2200,0.0600,16,2,1
2016-05-04 17:00,0.535621,0.053004,0.3400,0.0600,17,2,1
2016-05-04 18:00,0.524758,0.010292,0.3400,0.0600,18,2,1
2016-05-04 19:00,0.447941,0.000065,0.3400,0.0600,19,2,1
2016-05-04 20:00,0.410156,0.000000,0.3400,0.0600,20,2,1
2016-05-04 21:00,0.345511,0.000000,0.3400,0.0600,21,2,1
2016-05-04 22:00,0.291975,0.000000,0.1600,0.0600,22,2,1
2016-05-04 23:00,0.237720,0.000000,0.1600,0.0600,23,2,1
2016-05-05 00:00,0.316569,0.000000,0.1600,0.0600,0,3,1
2016-05-05 01:00,0.321939,0.000000,0.1600,0.0600,1,3,1
2016-05-05 02:00,0.313281,0.000000,0.1600,0.0600,2,3,1
2016-05-05 03:00,0.309071,0.000000,0.1600,0.0600,3,3,1
2016-05-05 04:00,0.331184,0.000000,0.1600,0.0600,4,3,1
2016-05-05 05:00,0.366031,0.003603,0.1600,0.0600,5,3,1
2016-05-05 06:00,0.307788,0.054333,0.1600,0.0600,6,3,1
2016-05-05 07:00,0.385109,0.134545,0.2200,0.0600,7,3,1
2016-05-05 08:00,0.500612,0.217712,0.2200,0.0600,8,3,1
2016-05-05 09:00,0.515879,0.290679,0.2200,0.0600,9,3,1
2016-05-05 10:00,0.497771,0.345387,0.2200,0.0600,10,3,1
2016-05-05 11:00,0.525808,0.376694,0.2200,0.0600,11,3,1
2016-05-05 12:00,0.543278,0.381861,0.2200,0.0600,12,3,1
2016-05-05 13:00,0.566173,0.360448,0.2200,0.0600,13,3,1
2016-05-05 14:00,0.543289,0.314302,0.2200,0.0600,14,3,1
2016-05-05 15:00,0.523386,0.247610,0.2200,0.0600,15,3,1
2016-05-05 16:00,0.491248,0.167186,0.2200,0.0600,16,3,1
2016-05-05 17:00,0.490097,0.083732,0.3400,0.0600,17,3,1
2016-05-05 18:00,0.508800,0.016960,0.3400,0.0600,18,3,1
2016-05-05 19:00,0.491976,0.000148,0.3400,0.0600,19,3,1
2016-05-05 20:00,0.430927,0.000000,0.3400,0.0600,20,3,1
2016-05-05 21:00,0.350746,0.000000,0.3400,0.0600,21,3,1
2016-05-05 22:00,0.284699,0.000000,0.1600,0.0600,22,3,1
2016-05-05 23:00,0.292178,0.000000,0.1600,0.0600,23,3,1
2016-05-06 00:00,0.324860,0.000000,0.1600,0.0600,0,4,1
2016-05-06 01:00,0.309546,0.000000,0.1600,0.0600,1,4,1
2016-05-06 02:00,0.317257,0.000000,0.1600,0.0600,2,4,1
2016-05-06 03:00,0.322073,0.000000,0.1600,0.0600,3,4,1
2016-05-06 04:00,0.335310,0.000000,0.1600,0.0600,4,4,1
2016-05-06 05:00,0.356832,0.004112,0.1600,0.0600,5,4,1
2016-05-06 06:00,0.258430,0.055267,0.1600,0.0600,6,4,1
2016-05-06 07:00,0.369843,0.134636,0.2200,0.0600,7,4,1
2016-05-06 08:00,0.478636,0.216657,0.2200,0.0600,8,4,1
2016-05-06 09:00,0.499040,0.288544,0.2200,0.0600,9,4,1
2016-05-06 10:00,0.497544,0.342411,0.2200,0.0600,10,4,1
2016-05-06 11:00,0.511007,0.373215,0.2200,0.0600,11,4,1
2016-05-06 12:00,0.568240,0.378270,0.2200,0.0600,12,4,1
2016-05-06 13:00,0.589275,0.357144,0.2200,0.0600,13,4,1
2016-05-06 14:00,0.581920,0.311656,0.2200,0.0600,14,4,1
2016-05-06 15:00,0.525940,0.245920,0.2200,0.0600,15,4,1
2016-05-06 16:00,0.517505,0.166620,0.2200,0.0600,16,4,1
2016-05-06 17:00,0.509175,0.084204,0.3400,0.0600,17,4,1
2016-05-06 18:00,0.496407,0.017753,0.3400,0.0600,18,4,1
2016-05-06 19:00,0.456637,0.000192,0.3400,0.0600,19,4,1
2016-05-06 20:00,0.386786,0.000000,0.3400,0.0600,20,4,1
2016-05-06 21:00,0.326370,0.000000,0.3400,0.0600,21,4,1
2016-05-06 22:00,0.308293,0.000000,0.1600,0.0600,22,4,1
2016-05-06 23:00,0.239737,0.000000,0.1600,0.0600,23,4,1
2016-05-07 00:00,0.350014,0.000000,0.2000,0.0600,0,5,0
2016-05-07 01:00,0.354474,0.000000,0.2000,0.0600,1,5,0
2016-05-07 02:00,0.353593,0.000000,0.2000,0.0600,2,5,0
2016-05-07 03:00,0.341507,0.000000,0.2000,0.0600,3,5,0
2016-05-07 04:00,0.356575,0.000000,0.2000,0.0600,4,5,0
2016-05-07 05:00,0.391194,0.004252,0.2000,0.0600,5,5,0
2016-05-07 06:00,0.357510,0.051476,0.2000,0.0600,6,5,0
2016-05-07 07:00,0.475943,0.123472,0.2000,0.0600,7,5,0
2016-05-07 08:00,0.502602,0.197642,0.2000,0.0600,8,5,0
2016-05-07 09:00,0.528450,0.262583,0.2000,0.0600,9,5,0
2016-05-07 10:00,0.529378,0.311220,0.2000,0.0600,10,5,0
2016-05-07 11:00,0.551577,0.339016,0.2000,0.0600,11,5,0
2016-05-07 12:00,0.578419,0.343553,0.2000,0.0600,12,5,0
2016-05-07 13:00,0.590000,0.324445,0.2000,0.0600,13,5,0
2016-05-07 14:00,0.603794,0.283333,0.2000,0.0600,14,5,0
2016-05-07 15:00,0.570963,0.223925,0.2000,0.0600,15,5,0
2016-05-07 16:00,0.545599,0.152231,0.2000,0.0600,16,5,0
2016-05-07 17:00,0.526155,0.077607,0.2000,0.0600,17,5,0
2016-05-07 18:00,0.534936,0.016995,0.2000,0.0600,18,5,0
2016-05-07 19:00,0.507819,0.000215,0.2000,0.0600,19,5,0
2016-05-07 20:00,0.478272,0.000000,0.2000,0.0600,20,5,0
2016-05-07 21:00,0.419810,0.000000,0.2000,0.0600,21,5,0
2016-05-07 22:00,0.371783,0.000000,0.2000,0.0600,22,5,0
2016-05-07 23:00,0.345263,0.000000,0.2000,0.0600,23,5,0
2016-05-08 00:00,0.392830,0.000000,0.2000,0.0600,0,6,0
2016-05-08 01:00,0.405450,0.000000,0.2000,0.0600,1,6,0
2016-05-08 02:00,0.395848,0.000000,0.2000,0.0600,2,6,0
2016-05-08 03:00,0.385286,0.000000,0.2000,0.0600,3,6,0
2016-05-08 04:00,0.377489,0.000000,0.2000,0.0600,4,6,0
2016-05-08 05:00,0.386067,0.004317,0.2000,0.0600,5,6,0
2016-05-08 06:00,0.301514,0.047522,0.2000,0.0600,6,6,0
2016-05-08 07:00,0.401057,0.112324,0.2000,0.0600,7,6,0
2016-05-08 08:00,0.463705,0.178887,0.2000,0.0600,8,6,0
2016-05-08 09:00,0.498660,0.237114,0.2000,0.0600,9,6,0
2016-05-08 10:00,0.516739,0.280700,0.2000,0.0600,10,6,0
2016-05-08 11:00,0.569378,0.305596,0.2000,0.0600,11,6,0
2016-05-08 12:00,0.583534,0.309641,0.2000,0.0600,12,6,0
2016-05-08 13:00,0.612326,0.292492,0.2000,0.0600,13,6,0
2016-05-08 14:00,0.593032,0.255618,0.2000,0.0600,14,6,0
2016-05-08 15:00,0.572393,0.202335,0.2000,0.0600,15,6,0
2016-05-08 16:00,0.552807,0.138009,0.2000,0.0600,16,6,0
2016-05-08 17:00,0.553342,0.070955,0.2000,0.0600,17,6,0
2016-05-08 18:00,0.517002,0.016108,0.2000,0.0600,18,6,0
2016-05-08 19:00,0.477750,0.000230,0.2000,0.0600,19,6,0
2016-05-08 20:00,0.466343,0.000000,0.2000,0.0600,20,6,0
2016-05-08 21:00,0.401236,0.000000,0.2000,0.0600,21,6,0
2016-05-08 22:00,0.343078,0.000000,0.2000,0.0600,22,6,0
2016-05-08 23:00,0.328072,0.000000,0.2000,0.0600,23,6,0
2016-05-09 00:00,0.341819,0.000000,0.1600,0.0600,0,0,1
2016-05-09 01:00,0.314927,0.000000,0.1600,0.0600,1,0,1
2016-05-09 02:00,0.315418,0.000000,0.1600,0.0600,2,0,1
2016-05-09 03:00,0.299829,0.000000,0.1600,0.0600,3,0,1
2016-05-09 04:00,0.336672,0.000000,0.1600,0.0600,4,0,1
2016-05-09 05:00,0.387426,0.004842,0.1600,0.0600,5,0,1
2016-05-09 06:00,0.317984,0.048859,0.1600,0.0600,6,0,1
2016-05-09 07:00,0.386889,0.113882,0.2200,0.0600,7,0,1
2016-05-09 08:00,0.477761,0.180489,0.2200,0.0600,8,0,1
2016-05-09 09:00,0.502710,0.238703,0.2200,0.0600,9,0,1
2016-05-09 10:00,0.473788,0.282260,0.2200,0.0600,10,0,1
2016-05-09 11:00,0.488684,0.307128,0.2200,0.0600,11,0,1
2016-05-09 12:00,0.539268,0.311153,0.2200,0.0600,12,0,1
2016-05-09 13:00,0.564854,0.293995,0.2200,0.0600,13,0,1
2016-05-09 14:00,0.566428,0.257120,0.2200,0.0600,14,0,1
2016-05-09 15:00,0.560631,0.203835,0.2200,0.0600,15,0,1
2016-05-09 16:00,0.531800,0.139480,0.2200,0.0600,16,0,1
2016-05-09 17:00,0.501291,0.072303,0.3400,0.0600,17,0,1
2016-05-09 18:00,0.522828,0.016986,0.3400,0.0600,18,0,1
2016-05-09 19:00,0.483162,0.000266,0.3400,0.0600,19,0,1
2016-05-09 20:00,0.456611,0.000000,0.3400,0.0600,20,0,1
2016-05-09 21:00,0.380525,0.000000,0.3400,0.0600,21,0,1
2016-05-09 22:00,0.356838,0.000000,0.1600,0.0600,22,0,1
2016-05-09 23:00,0.279959,0.000000,0.1600,0.0600,23,0,1
2016-05-10 00:00,0.342584,0.000000,0.1600,0.0600,0,1,1
2016-05-10 01:00,0.329758,0.000000,0.1600,0.0600,1,1,1
2016-05-10 02:00,0.346029,0.000000,0.1600,0.0600,2,1,1
2016-05-10 03:00,0.342638,0.000000,0.1600,0.0600,3,1,1
2016-05-10 04:00,0.365395,0.000000,0.1600,0.0600,4,1,1
2016-05-10 05:00,0.397678,0.006346,0.1600,0.0600,5,1,1
2016-05-10 06:00,0.328356,0.059136,0.1600,0.0600,6,1,1
2016-05-10 07:00,0.396898,0.136024,0.2200,0.0600,7,1,1
2016-05-10 08:00,0.461016,0.214580,0.2200,0.0600,8,1,1
2016-05-10 09:00,0.478534,0.283181,0.2200,0.0600,9,1,1
2016-05-10 10:00,0.504314,0.334489,0.2200,0.0600,10,1,1
2016-05-10 11:00,0.475641,0.363771,0.2200,0.0600,11,1,1
2016-05-10 12:00,0.493480,0.368496,0.2200,0.0600,12,1,1
2016-05-10 13:00,0.554399,0.348264,0.2200,0.0600,13,1,1
2016-05-10 14:00,0.540067,0.304803,0.2200,0.0600,14,1,1
2016-05-10 15:00,0.521621,0.241999,0.2200,0.0600,15,1,1
2016-05-10 16:00,0.525243,0.166119,0.2200,0.0600,16,1,1
2016-05-10 17:00,0.518812,0.086798,0.3400,0.0600,17,1,1
2016-05-10 18:00,0.523316,0.021065,0.3400,0.0600,18,1,1
2016-05-10 19:00,0.490150,0.000356,0.3400,0.0600,19,1,1
2016-05-10 20:00,0.409796,0.000000,0.3400,0.0600,20,1,1
2016-05-10 21:00,0.356662,0.000000,0.3400,0.0600,21,1,1
2016-05-10 22:00,0.293124,0.000000,0.1600,0.0600,22,1,1
2016-05-10 23:00,0.242244,0.000000,0.1600,0.0600,23,1,1
2016-05-11 00:00,0.327907,0.000000,0.1600,0.0600,0,2,1
2016-05-11 01:00,0.319178,0.000000,0.1600,0.0600,1,2,1
2016-05-11 02:00,0.323691,0.000000,0.1600,0.0600,2,2,1
2016-05-11 03:00,0.317453,0.000000,0.1600,0.0600,3,2,1
2016-05-11 04:00,0.331625,0.000000,0.1600,0.0600,4,2,1
2016-05-11 05:00,0.358672,0.005463,0.1600,0.0600,5,2,1
2016-05-11 06:00,0.320287,0.047312,0.1600,0.0600,6,2,1
2016-05-11 07:00,0.393751,0.107469,0.2200,0.0600,7,2,1
2016-05-11 08:00,0.462647,0.168780,0.2200,0.0600,8,2,1
2016-05-11 09:00,0.490516,0.222279,0.2200,0.0600,9,2,1
2016-05-11 10:00,0.507430,0.262279,0.2200,0.0600,10,2,1
2016-05-11 11:00,0.492091,0.285099,0.2200,0.0600,11,2,1
2016-05-11 12:00,0.504736,0.288772,0.2200,0.0600,12,2,1
2016-05-11 13:00,0.546217,0.272989,0.2200,0.0600,13,2,1
2016-05-11 14:00,0.520168,0.239094,0.2200,0.0600,14,2,1
2016-05-11 15:00,0.489591,0.190109,0.2200,0.0600,15,2,1
2016-05-11 16:00,0.452072,0.130901,0.2200,0.0600,16,2,1
2016-05-11 17:00,0.468031,0.068926,0.3400,0.0600,17,2,1
2016-05-11 18:00,0.465831,0.017252,0.3400,0.0600,18,2,1
2016-05-11 19:00,0.418278,0.000310,0.3400,0.0600,19,2,1
2016-05-11 20:00,0.379995,0.000000,0.3400,0.0600,20,2,1
2016-05-11 21:00,0.330441,0.000000,0.3400,0.0600,21,2,1
2016-05-11 22:00,0.285164,0.000000,0.1600,0.0600,22,2,1
2016-05-11 23:00,0.253237,0.000000,0.1600,0.0600,23,2,1
2016-05-12 00:00,0.355507,0.000000,0.1600,0.0600,0,3,1
2016-05-12 01:00,0.307036,0.000000,0.1600,0.0600,1,3,1
2016-05-12 02:00,0.286603,0.000000,0.1600,0.0600,2,3,1
2016-05-12 03:00,0.312175,0.000000,0.1600,0.0600,3,3,1
2016-05-12 04:00,0.339826,0.000000,0.1600,0.0600,4,3,1
2016-05-12 05:00,0.385713,0.007684,0.1600,0.0600,5,3,1
2016-05-12 06:00,0.331548,0.062219,0.1600,0.0600,6,3,1
2016-05-12 07:00,0.416061,0.139656,0.2200,0.0600,7,3,1
2016-05-12 08:00,0.474637,0.218397,0.2200,0.0600,8,3,1
2016-05-12 09:00,0.487674,0.287057,0.2200,0.0600,9,3,1
2016-05-12 10:00,0.482858,0.338374,0.2200,0.0600,10,3,1
2016-05-12 11:00,0.512226,0.367643,0.2200,0.0600,11,3,1
2016-05-12 12:00,0.538570,0.372347,0.2200,0.0600,12,3,1
2016-05-12 13:00,0.547249,0.352090,0.2200,0.0600,13,3,1
2016-05-12 14:00,0.527158,0.308592,0.2200,0.0600,14,3,1
2016-05-12 15:00,0.501119,0.245724,0.2200,0.0600,15,3,1
2016-05-12 16:00,0.501125,0.169705,0.2200,0.0600,16,3,1
2016-05-12 17:00,0.462089,0.090028,0.3400,0.0600,17,3,1
2016-05-12 18:00,0.473610,0.023207,0.3400,0.0600,18,3,1
2016-05-12 19:00,0.504863,0.000440,0.3400,0.0600,19,3,1
2016-05-12 20:00,0.490846,0.000000,0.3400,0.0600,20,3,1
2016-05-12 21:00,0.401107,0.000000,0.3400,0.0600,21,3,1
2016-05-12 22:00,0.321498,0.000000,0.1600,0.0600,22,3,1
2016-05-12 23:00,0.234437,0.000000,0.1600,0.0600,23,3,1
2016-05-13 00:00,0.325452,0.000000,0.1600,0.0600,0,4,1
2016-05-13 01:00,0.328626,0.000000,0.1600,0.0600,1,4,1
2016-05-13 02:00,0.303272,0.000000,0.1600,0.0600,2,4,1
2016-05-13 03:00,0.313160,0.000000,0.1600,0.0600,3,4,1
2016-05-13 04:00,0.331712,0.000000,0.1600,0.0600,4,4,1
2016-05-13 05:00,0.381163,0.008386,0.1600,0.0600,5,4,1
2016-05-13 06:00,0.304094,0.063820,0.1600,0.0600,6,4,1
2016-05-13 07:00,0.361692,0.141639,0.2200,0.0600,7,4,1
2016-05-13 08:00,0.451328,0.220596,0.2200,0.0600,8,4,1
2016-05-13 09:00,0.464328,0.289398,0.2200,0.0600,9,4,1
2016-05-13 10:00,0.487445,0.340808,0.2200,0.0600,10,4,1
2016-05-13 11:00,0.514091,0.370124,0.2200,0.0600,11,4,1
2016-05-13 12:00,0.524166,0.374832,0.2200,0.0600,12,4,1
2016-05-13 13:00,0.558282,0.354534,0.2200,0.0600,13,4,1
2016-05-13 14:00,0.506127,0.310953,0.2200,0.0600,14,4,1
2016-05-13 15:00,0.465309,0.247957,0.2200,0.0600,15,4,1
2016-05-13 16:00,0.457527,0.171750,0.2200,0.0600,16,4,1
2016-05-13 17:00,0.455838,0.091775,0.3400,0.0600,17,4,1
2016-05-13 18:00,0.474140,0.024328,0.3400,0.0600,18,4,1
2016-05-13 19:00,0.470039,0.000482,0.3400,0.0600,19,4,1
2016-05-13 20:00,0.416579,0.000000,0.3400,0.0600,20,4,1
2016-05-13 21:00,0.329762,0.000000,0.3400,0.0600,21,4,1
2016-05-13 22:00,0.271402,0.000000,0.1600,0.0600,22,4,1
2016-05-13 23:00,0.201633,0.000000,0.1600,0.0600,23,4,1
2016-05-14 00:00,0.355917,0.000000,0.2000,0.0600,0,5,0
2016-05-14 01:00,0.402816,0.000000,0.2000,0.0600,1,5,0
2016-05-14 02:00,0.398170,0.000000,0.2000,0.0600,2,5,0
2016-05-14 03:00,0.402357,0.000000,0.2000,0.0600,3,5,0
2016-05-14 04:00,0.412259,0.000000,0.2000,0.0600,4,5,0
2016-05-14 05:00,0.432909,0.009343,0.2000,0.0600,5,5,0
2016-05-14 06:00,0.408380,0.067146,0.2000,0.0600,6,5,0
2016-05-14 07:00,0.496930,0.147431,0.2000,0.0600,7,5,0
2016-05-14 08:00,0.524487,0.228723,0.2000,0.0600,8,5,0
2016-05-14 09:00,0.542929,0.299517,0.2000,0.0600,9,5,0
2016-05-14 10:00,0.548985,0.352401,0.2000,0.0600,10,5,0
2016-05-14 11:00,0.541856,0.382556,0.2000,0.0600,11,5,0
2016-05-14 12:00,0.544880,0.387397,0.2000,0.0600,12,5,0
2016-05-14 13:00,0.584503,0.366519,0.2000,0.0600,13,5,0
2016-05-14 14:00,0.606874,0.321689,0.2000,0.0600,14,5,0
2016-05-14 15:00,0.557231,0.256875,0.2000,0.0600,15,5,0
2016-05-14 16:00,0.528344,0.178439,0.2000,0.0600,16,5,0
2016-05-14 17:00,0.496439,0.096019,0.2000,0.0600,17,5,0
2016-05-14 18:00,0.490853,0.026141,0.2000,0.0600,18,5,0
2016-05-14 19:00,0.472882,0.000538,0.2000,0.0600,19,5,0
2016-05-14 20:00,0.433788,0.000000,0.2000,0.0600,20,5,0
2016-05-14 21:00,0.366580,0.000000,0.2000,0.0600,21,5,0
2016-05-14 22:00,0.339321,0.000000,0.2000,0.0600,22,5,0
2016-05-14 23:00,0.341878,0.000000,0.2000,0.0600,23,5,0
2016-05-15 00:00,0.427537,0.000000,0.2000,0.0600,0,6,0
2016-05-15 01:00,0.439064,0.000000,0.2000,0.0600,1,6,0
2016-05-15 02:00,0.409600,0.000000,0.2000,0.0600,2,6,0
2016-05-15 03:00,0.399439,0.000000,0.2000,0.0600,3,6,0
2016-05-15 04:00,0.430749,0.000000,0.2000,0.0600,4,6,0
2016-05-15 05:00,0.484454,0.009919,0.2000,0.0600,5,6,0
2016-05-15 06:00,0.422238,0.067602,0.2000,0.0600,6,6,0
2016-05-15 07:00,0.487590,0.146929,0.2000,0.0600,7,6,0
2016-05-15 08:00,0.556652,0.227098,0.2000,0.0600,8,6,0
2016-05-15 09:00,0.555177,0.296872,0.2000,0.0600,9,6,0
2016-05-15 10:00,0.557719,0.348985,0.2000,0.0600,10,6,0
2016-05-15 11:00,0.553350,0.378699,0.2000,0.0600,11,6,0
2016-05-15 12:00,0.560938,0.383472,0.2000,0.0600,12,6,0
2016-05-15 13:00,0.547601,0.362905,0.2000,0.0600,13,6,0
2016-05-15 14:00,0.549791,0.318737,0.2000,0.0600,14,6,0
2016-05-15 15:00,0.513169,0.254867,0.2000,0.0600,15,6,0
2016-05-15 16:00,0.502680,0.177539,0.2000,0.0600,16,6,0
2016-05-15 17:00,0.513230,0.096186,0.2000,0.0600,17,6,0
2016-05-15 18:00,0.488956,0.026860,0.2000,0.0600,18,6,0
2016-05-15 19:00,0.507826,0.000571,0.2000,0.0600,19,6,0
2016-05-15 20:00,0.505778,0.000000,0.2000,0.0600,20,6,0
2016-05-15 21:00,0.451413,0.000000,0.2000,0.0600,21,6,0
2016-05-15 22:00,0.411071,0.000000,0.2000,0.0600,22,6,0
2016-05-15 23:00,0.363667,0.000000,0.2000,0.0600,23,6,0
2016-05-16 00:00,0.355798,0.000000,0.1600,0.0600,0,0,1
2016-05-16 01:00,0.352850,0.000000,0.1600,0.0600,1,0,1
2016-05-16 02:00,0.360123,0.000000,0.1600,0.0600,2,0,1
2016-05-16 03:00,0.332496,0.000000,0.1600,0.0600,3,0,1
2016-05-16 04:00,0.356713,0.000000,0.1600,0.0600,4,0,1
2016-05-16 05:00,0.350307,0.009450,0.1600,0.0600,5,0,1
2016-05-16 06:00,0.290836,0.061321,0.1600,0.0600,6,0,1
2016-05-16 07:00,0.373115,0.131999,0.2200,0.0600,7,0,1
2016-05-16 08:00,0.454179,0.203298,0.2200,0.0600,8,0,1
2016-05-16 09:00,0.499885,0.265321,0.2200,0.0600,9,0,1
2016-05-16 10:00,0.469240,0.311636,0.2200,0.0600,10,0,1
2016-05-16 11:00,0.489197,0.338044,0.2200,0.0600,11,0,1
2016-05-16 12:00,0.511593,0.342292,0.2200,0.0600,12,0,1
2016-05-16 13:00,0.498590,0.324024,0.2200,0.0600,13,0,1
2016-05-16 14:00,0.490291,0.284782,0.2200,0.0600,14,0,1
2016-05-16 15:00,0.483216,0.228023,0.2200,0.0600,15,0,1
2016-05-16 16:00,0.459566,0.159274,0.2200,0.0600,16,0,1
2016-05-16 17:00,0.432304,0.086860,0.3400,0.0600,17,0,1
2016-05-16 18:00,0.456489,0.024850,0.3400,0.0600,18,0,1
2016-05-16 19:00,0.461401,0.000543,0.3400,0.0600,19,0,1
2016-05-16 20:00,0.424526,0.000000,0.3400,0.0600,20,0,1
2016-05-16 21:00,0.338051,0.000000,0.3400,0.0600,21,0,1
2016-05-16 22:00,0.280262,0.000000,0.1600,0.0600,22,0,1
2016-05-16 23:00,0.205962,0.000000,0.1600,0.0600,23,0,1
2016-05-17 00:00,0.280985,0.000000,0.1600,0.0600,0,1,1
2016-05-17 01:00,0.301128,0.000000,0.1600,0.0600,1,1,1
2016-05-17 02:00,0.296367,0.000000,0.1600,0.0600,2,1,1
2016-05-17 03:00,0.312773,0.000000,0.1600,0.0600,3,1,1
2016-05-17 04:00,0.354233,0.000000,0.1600,0.0600,4,1,1
2016-05-17 05:00,0.343964,0.007611,0.1600,0.0600,5,1,1
2016-05-17 06:00,0.286446,0.047189,0.1600,0.0600,6,1,1
2016-05-17 07:00,0.392262,0.100653,0.2200,0.0600,7,1,1
2016-05-17 08:00,0.451237,0.154497,0.2200,0.0600,8,1,1
2016-05-17 09:00,0.442235,0.201312,0.2200,0.0600,9,1,1
2016-05-17 10:00,0.490445,0.236267,0.2200,0.0600,10,1,1
2016-05-17 11:00,0.500901,0.256200,0.2200,0.0600,11,1,1
2016-05-17 12:00,0.523766,0.259413,0.2200,0.0600,12,1,1
2016-05-17 13:00,0.513217,0.245637,0.2200,0.0600,13,1,1
2016-05-17 14:00,0.529669,0.216034,0.2200,0.0600,14,1,1
2016-05-17 15:00,0.509066,0.173205,0.2200,0.0600,15,1,1
2016-05-17 16:00,0.500645,0.121306,0.2200,0.0600,16,1,1
2016-05-17 17:00,0.485266,0.066577,0.3400,0.0600,17,1,1
2016-05-17 18:00,0.488648,0.019492,0.3400,0.0600,18,1,1
2016-05-17 19:00,0.445443,0.000436,0.3400,0.0600,19,1,1
2016-05-17 20:00,0.408199,0.000000,0.3400,0.0600,20,1,1
2016-05-17 21:00,0.334755,0.000000,0.3400,0.0600,21,1,1
2016-05-17 22:00,0.270386,0.000000,0.1600,0.0600,22,1,1
2016-05-17 23:00,0.230657,0.000000,0.1600,0.0600,23,1,1
2016-05-18 00:00,0.310794,0.000000,0.1600,0.0600,0,2,1
2016-05-18 01:00,0.323913,0.000000,0.1600,0.0600,1,2,1
2016-05-18 02:00,0.327446,0.000000,0.1600,0.0600,2,2,1
2016-05-18 03:00,0.298191,0.000000,0.1600,0.0600,3,2,1
2016-05-18 04:00,0.335029,0.000028,0.1600,0.0600,4,2,1
2016-05-18 05:00,0.372278,0.011272,0.1600,0.0600,5,2,1
2016-05-18 06:00,0.349473,0.066997,0.1600,0.0600,6,2,1
2016-05-18 07:00,0.441235,0.141669,0.2200,0.0600,7,2,1
2016-05-18 08:00,0.498496,0.216753,0.2200,0.0600,8,2,1
2016-05-18 09:00,0.525020,0.282006,0.2200,0.0600,9,2,1
2016-05-18 10:00,0.490106,0.330724,0.2200,0.0600,10,2,1
2016-05-18 11:00,0.502284,0.358510,0.2200,0.0600,11,2,1
2016-05-18 12:00,0.499147,0.363001,0.2200,0.0600,12,2,1
2016-05-18 13:00,0.532677,0.343822,0.2200,0.0600,13,2,1
2016-05-18 14:00,0.507153,0.302587,0.2200,0.0600,14,2,1
2016-05-18 15:00,0.506873,0.242913,0.2200,0.0600,15,2,1
2016-05-18 16:00,0.470898,0.170569,0.2200,0.0600,16,2,1
2016-05-18 17:00,0.507456,0.094193,0.3400,0.0600,17,2,1
2016-05-18 18:00,0.476370,0.028191,0.3400,0.0600,18,2,1
2016-05-18 19:00,0.454285,0.000644,0.3400,0.0600,19,2,1
2016-05-18 20:00,0.415854,0.000000,0.3400,0.0600,20,2,1
2016-05-18 21:00,0.363659,0.000000,0.3400,0.0600,21,2,1
2016-05-18 22:00,0.272921,0.000000,0.1600,0.0600,22,2,1
2016-05-18 23:00,0.201902,0.000000,0.1600,0.0600,23,2,1
2016-05-19 00:00,0.244513,0.000000,0.1600,0.0600,0,3,1
2016-05-19 01:00,0.289005,0.000000,0.1600,0.0600,1,3,1
2016-05-19 02:00,0.309883,0.000000,0.1600,0.0600,2,3,1
2016-05-19 03:00,0.315484,0.000000,0.1600,0.0600,3,3,1
2016-05-19 04:00,0.344997,0.000058,0.1600,0.0600,4,3,1
2016-05-19 05:00,0.391958,0.011098,0.1600,0.0600,5,3,1
2016-05-19 06:00,0.328911,0.063426,0.1600,0.0600,6,3,1
2016-05-19 07:00,0.414770,0.133021,0.2200,0.0600,7,3,1
2016-05-19 08:00,0.470433,0.202897,0.2200,0.0600,8,3,1
2016-05-19 09:00,0.467780,0.263601,0.2200,0.0600,9,3,1
2016-05-19 10:00,0.473541,0.308919,0.2200,0.0600,10,3,1
2016-05-19 11:00,0.492302,0.334772,0.2200,0.0600,11,3,1
2016-05-19 12:00,0.487170,0.338965,0.2200,0.0600,12,3,1
2016-05-19 13:00,0.553029,0.321148,0.2200,0.0600,13,3,1
2016-05-19 14:00,0.555952,0.282819,0.2200,0.0600,14,3,1
2016-05-19 15:00,0.504824,0.227331,0.2200,0.0600,15,3,1
2016-05-19 16:00,0.470162,0.160032,0.2200,0.0600,16,3,1
2016-05-19 17:00,0.457917,0.088903,0.3400,0.0600,17,3,1
2016-05-19 18:00,0.506542,0.027173,0.3400,0.0600,18,3,1
2016-05-19 19:00,0.500289,0.000633,0.3400,0.0600,19,3,1
2016-05-19 20:00,0.435818,0.000000,0.3400,0.0600,20,3,1
2016-05-19 21:00,0.339713,0.000000,0.3400,0.0600,21,3,1
2016-05-19 22:00,0.273466,0.000000,0.1600,0.0600,22,3,1
2016-05-19 23:00,0.227125,0.000000,0.1600,0.0600,23,3,1
2016-05-20 00:00,0.303884,0.000000,0.1600,0.0600,0,4,1
2016-05-20 01:00,0.279095,0.000000,0.1600,0.0600,1,4,1
2016-05-20 02:00,0.311718,0.000000,0.1600,0.0600,2,4,1
2016-05-20 03:00,0.323749,0.000000,0.1600,0.0600,3,4,1
2016-05-20 04:00,0.372782,0.000099,0.1600,0.0600,4,4,1
2016-05-20 05:00,0.424067,0.013127,0.1600,0.0600,5,4,1
2016-05-20 06:00,0.344629,0.072333,0.1600,0.0600,6,4,1
2016-05-20 07:00,0.415398,0.150528,0.2200,0.0600,7,4,1
2016-05-20 08:00,0.475441,0.228930,0.2200,0.0600,8,4,1
2016-05-20 09:00,0.499743,0.297016,0.2200,0.0600,9,4,1
2016-05-20 10:00,0.483255,0.347845,0.2200,0.0600,10,4,1
2016-05-20 11:00,0.517998,0.376850,0.2200,0.0600,11,4,1
2016-05-20 12:00,0.520945,0.381574,0.2200,0.0600,12,4,1
2016-05-20 13:00,0.543168,0.361622,0.2200,0.0600,13,4,1
2016-05-20 14:00,0.574578,0.318669,0.2200,0.0600,14,4,1
2016-05-20 15:00,0.565646,0.256466,0.2200,0.0600,15,4,1
2016-05-20 16:00,0.506938,0.180988,0.2200,0.0600,16,4,1
2016-05-20 17:00,0.482142,0.101126,0.3400,0.0600,17,4,1
2016-05-20 18:00,0.503393,0.031535,0.3400,0.0600,18,4,1
2016-05-20 19:00,0.462423,0.000746,0.3400,0.0600,19,4,1
2016-05-20 20:00,0.371075,0.000000,0.3400,0.0600,20,4,1
2016-05-20 21:00,0.322926,0.000000,0.3400,0.0600,21,4,1
2016-05-20 22:00,0.271118,0.000000,0.1600,0.0600,22,4,1
2016-05-20 23:00,0.227637,0.000000,0.1600,0.0600,23,4,1
2016-05-21 00:00,0.369879,0.000000,0.2000,0.0600,0,5,0
2016-05-21 01:00,0.379526,0.000000,0.2000,0.0600,1,5,0
2016-05-21 02:00,0.375265,0.000000,0.2000,0.0600,2,5,0
2016-05-21 03:00,0.394462,0.000000,0.2000,0.0600,3,5,0
2016-05-21 04:00,0.394730,0.000100,0.2000,0.0600,4,5,0
2016-05-21 05:00,0.398246,0.010470,0.2000,0.0600,5,5,0
2016-05-21 06:00,0.358416,0.055769,0.2000,0.0600,6,5,0
2016-05-21 07:00,0.402970,0.115207,0.2000,0.0600,7,5,0
2016-05-21 08:00,0.475191,0.174726,0.2000,0.0600,8,5,0
2016-05-21 09:00,0.507903,0.226398,0.2000,0.0600,9,5,0
2016-05-21 10:00,0.518929,0.264973,0.2000,0.0600,10,5,0
2016-05-21 11:00,0.557649,0.286994,0.2000,0.0600,11,5,0
2016-05-21 12:00,0.590396,0.290597,0.2000,0.0600,12,5,0
2016-05-21 13:00,0.578132,0.275483,0.2000,0.0600,13,5,0
2016-05-21 14:00,0.579797,0.242917,0.2000,0.0600,14,5,0
2016-05-21 15:00,0.547311,0.195739,0.2000,0.0600,15,5,0
2016-05-21 16:00,0.526372,0.138465,0.2000,0.0600,16,5,0
2016-05-21 17:00,0.508292,0.077800,0.2000,0.0600,17,5,0
2016-05-21 18:00,0.503644,0.024729,0.2000,0.0600,18,5,0
2016-05-21 19:00,0.506078,0.000594,0.2000,0.0600,19,5,0
2016-05-21 20:00,0.452279,0.000000,0.2000,0.0600,20,5,0
2016-05-21 21:00,0.413401,0.000000,0.2000,0.0600,21,5,0
2016-05-21 22:00,0.361635,0.000000,0.2000,0.0600,22,5,0
2016-05-21 23:00,0.312271,0.000000,0.2000,0.0600,23,5,0
2016-05-22 00:00,0.367720,0.000000,0.2000,0.0600,0,6,0
2016-05-22 01:00,0.362300,0.000000,0.2000,0.0600,1,6,0
2016-05-22 02:00,0.352679,0.000000,0.2000,0.0600,2,6,0
2016-05-22 03:00,0.374001,0.000000,0.2000,0.0600,3,6,0
2016-05-22 04:00,0.401835,0.000125,0.2000,0.0600,4,6,0
2016-05-22 05:00,0.404734,0.011087,0.2000,0.0600,5,6,0
2016-05-22 06:00,0.347126,0.057216,0.2000,0.0600,6,6,0
2016-05-22 07:00,0.400141,0.117380,0.2000,0.0600,7,6,0
2016-05-22 08:00,0.471183,0.177554,0.2000,0.0600,8,6,0
2016-05-22 09:00,0.497085,0.229779,0.2000,0.0600,9,6,0
2016-05-22 10:00,0.512510,0.268769,0.2000,0.0600,10,6,0
2016-05-22 11:00,0.542338,0.291037,0.2000,0.0600,11,6,0
2016-05-22 12:00,0.578858,0.294701,0.2000,0.0600,12,6,0
2016-05-22 13:00,0.585190,0.279455,0.2000,0.0600,13,6,0
2016-05-22 14:00,0.587068,0.246575,0.2000,0.0600,14,6,0
2016-05-22 15:00,0.532257,0.198924,0.2000,0.0600,15,6,0
2016-05-22 16:00,0.509088,0.141046,0.2000,0.0600,16,6,0
2016-05-22 17:00,0.499504,0.079680,0.2000,0.0600,17,6,0
2016-05-22 18:00,0.460870,0.025793,0.2000,0.0600,18,6,0
2016-05-22 19:00,0.489367,0.000627,0.2000,0.0600,19,6,0
2016-05-22 20:00,0.425628,0.000000,0.2000,0.0600,20,6,0
2016-05-22 21:00,0.374520,0.000000,0.2000,0.0600,21,6,0
2016-05-22 22:00,0.351536,0.000000,0.2000,0.0600,22,6,0
2016-05-22 23:00,0.322786,0.000000,0.2000,0.0600,23,6,0
2016-05-23 00:00,0.307506,0.000000,0.1600,0.0600,0,0,1
2016-05-23 01:00,0.303393,0.000000,0.1600,0.0600,1,0,1
2016-05-23 02:00,0.299494,0.000000,0.1600,0.0600,2,0,1
2016-05-23 03:00,0.307129,0.000000,0.1600,0.0600,3,0,1
2016-05-23 04:00,0.293616,0.000142,0.1600,0.0600,4,0,1
2016-05-23 05:00,0.333773,0.011113,0.1600,0.0600,5,0,1
2016-05-23 06:00,0.260782,0.055694,0.1600,0.0600,6,0,1
2016-05-23 07:00,0.380974,0.113511,0.2200,0.0600,7,0,1
2016-05-23 08:00,0.462015,0.171274,0.2200,0.0600,8,0,1
2016-05-23 09:00,0.501180,0.221395,0.2200,0.0600,9,0,1
2016-05-23 10:00,0.482092,0.258817,0.2200,0.0600,10,0,1
2016-05-23 11:00,0.472809,0.280200,0.2200,0.0600,11,0,1
2016-05-23 12:00,0.487070,0.283738,0.2200,0.0600,12,0,1
2016-05-23 13:00,0.529290,0.269139,0.2200,0.0600,13,0,1
2016-05-23 14:00,0.514735,0.237622,0.2200,0.0600,14,0,1
2016-05-23 15:00,0.503341,0.191924,0.2200,0.0600,15,0,1
2016-05-23 16:00,0.467274,0.136393,0.2200,0.0600,16,0,1
2016-05-23 17:00,0.452364,0.077454,0.3400,0.0600,17,0,1
2016-05-23 18:00,0.452351,0.025512,0.3400,0.0600,18,0,1
2016-05-23 19:00,0.445702,0.000627,0.3400,0.0600,19,0,1
2016-05-23 20:00,0.401293,0.000000,0.3400,0.0600,20,0,1
2016-05-23 21:00,0.340341,0.000000,0.3400,0.0600,21,0,1
2016-05-23 22:00,0.319104,0.000000,0.1600,0.0600,22,0,1
2016-05-23 23:00,0.270046,0.000000,0.1600,0.0600,23,0,1
2016-05-24 00:00,0.367227,0.000000,0.1600,0.0600,0,1,1
2016-05-24 01:00,0.336330,0.000000,0.1600,0.0600,1,1,1
2016-05-24 02:00,0.335920,0.000000,0.1600,0.0600,2,1,1
2016-05-24 03:00,0.339898,0.000000,0.1600,0.0600,3,1,1
2016-05-24 04:00,0.373261,0.000233,0.1600,0.0600,4,1,1
2016-05-24 05:00,0.413916,0.016480,0.1600,0.0600,5,1,1
2016-05-24 06:00,0.359428,0.080369,0.1600,0.0600,6,1,1
2016-05-24 07:00,0.423941,0.162791,0.2200,0.0600,7,1,1
2016-05-24 08:00,0.464230,0.245054,0.2200,0.0600,8,1,1
2016-05-24 09:00,0.448978,0.316418,0.2200,0.0600,9,1,1
2016-05-24 10:00,0.463208,0.369707,0.2200,0.0600,10,1,1
2016-05-24 11:00,0.469874,0.400174,0.2200,0.0600,11,1,1
2016-05-24 12:00,0.499846,0.405249,0.2200,0.0600,12,1,1
2016-05-24 13:00,0.532504,0.384512,0.2200,0.0600,13,1,1
2016-05-24 14:00,0.556942,0.339693,0.2200,0.0600,14,1,1
2016-05-24 15:00,0.512791,0.274678,0.2200,0.0600,15,1,1
2016-05-24 16:00,0.486543,0.195635,0.2200,0.0600,16,1,1
2016-05-24 17:00,0.505606,0.111658,0.3400,0.0600,17,1,1
2016-05-24 18:00,0.494797,0.037395,0.3400,0.0600,18,1,1
2016-05-24 19:00,0.480957,0.000929,0.3400,0.0600,19,1,1
2016-05-24 20:00,0.446242,0.000000,0.3400,0.0600,20,1,1
2016-05-24 21:00,0.356685,0.000000,0.3400,0.0600,21,1,1
2016-05-24 22:00,0.305701,0.000000,0.1600,0.0600,22,1,1
2016-05-24 23:00,0.262370,0.000000,0.1600,0.0600,23,1,1
2016-05-25 00:00,0.333423,0.000000,0.1600,0.0600,0,2,1
2016-05-25 01:00,0.311795,0.000000,0.1600,0.0600,1,2,1
2016-05-25 02:00,0.305776,0.000000,0.1600,0.0600,2,2,1
2016-05-25 03:00,0.311098,0.000000,0.1600,0.0600,3,2,1
2016-05-25 04:00,0.306515,0.000234,0.1600,0.0600,4,2,1
2016-05-25 05:00,0.346876,0.015213,0.1600,0.0600,5,2,1
2016-05-25 06:00,0.296325,0.072333,0.1600,0.0600,6,2,1
2016-05-25 07:00,0.373666,0.145664,0.2200,0.0600,7,2,1
2016-05-25 08:00,0.472383,0.218784,0.2200,0.0600,8,2,1
2016-05-25 09:00,0.502010,0.282206,0.2200,0.0600,9,2,1
2016-05-25 10:00,0.467724,0.329572,0.2200,0.0600,10,2,1
2016-05-25 11:00,0.479769,0.356669,0.2200,0.0600,11,2,1
2016-05-25 12:00,0.539770,0.361214,0.2200,0.0600,12,2,1
2016-05-25 13:00,0.558813,0.342832,0.2200,0.0600,13,2,1
2016-05-25 14:00,0.557050,0.303055,0.2200,0.0600,14,2,1
2016-05-25 15:00,0.530427,0.245326,0.2200,0.0600,15,2,1
2016-05-25 16:00,0.506937,0.175106,0.2200,0.0600,16,2,1
2016-05-25 17:00,0.449677,0.100428,0.3400,0.0600,17,2,1
2016-05-25 18:00,0.489153,0.034171,0.3400,0.0600,18,2,1
2016-05-25 19:00,0.487290,0.000856,0.3400,0.0600,19,2,1
2016-05-25 20:00,0.434621,0.000000,0.3400,0.0600,20,2,1
2016-05-25 21:00,0.348886,0.000000,0.3400,0.0600,21,2,1
2016-05-25 22:00,0.284057,0.000000,0.1600,0.0600,22,2,1
2016-05-25 23:00,0.241595,0.000000,0.1600,0.0600,23,2,1
2016-05-26 00:00,0.360804,0.000000,0.1600,0.0600,0,3,1
2016-05-26 01:00,0.342323,0.000000,0.1600,0.0600,1,3,1
2016-05-26 02:00,0.336691,0.000000,0.1600,0.0600,2,3,1
2016-05-26 03:00,0.326985,0.000000,0.1600,0.0600,3,3,1
2016-05-26 04:00,0.301261,0.000296,0.1600,0.0600,4,3,1
2016-05-26 05:00,0.327551,0.018049,0.1600,0.0600,5,3,1
2016-05-26 06:00,0.304715,0.083815,0.1600,0.0600,6,3,1
2016-05-26 07:00,0.384635,0.167865,0.2200,0.0600,7,3,1
2016-05-26 08:00,0.420849,0.251602,0.2200,0.0600,8,3,1
2016-05-26 09:00,0.439096,0.324224,0.2200,0.0600,9,3,1
2016-05-26 10:00,0.468175,0.378469,0.2200,0.0600,10,3,1
2016-05-26 11:00,0.468514,0.409523,0.2200,0.0600,11,3,1
2016-05-26 12:00,0.515075,0.414772,0.2200,0.0600,12,3,1
2016-05-26 13:00,0.545668,0.393782,0.2200,0.0600,13,3,1
2016-05-26 14:00,0.545105,0.348302,0.2200,0.0600,14,3,1
2016-05-26 15:00,0.512384,0.282261,0.2200,0.0600,15,3,1
2016-05-26 16:00,0.507277,0.201889,0.2200,0.0600,16,3,1
2016-05-26 17:00,0.492126,0.116334,0.3400,0.0600,17,3,1
2016-05-26 18:00,0.517021,0.040186,0.3400,0.0600,18,3,1
2016-05-26 19:00,0.483565,0.001038,0.3400,0.0600,19,3,1
2016-05-26 20:00,0.424677,0.000000,0.3400,0.0600,20,3,1
2016-05-26 21:00,0.338614,0.000000,0.3400,0.0600,21,3,1
2016-05-26 22:00,0.285222,0.000000,0.1600,0.0600,22,3,1
2016-05-26 23:00,0.254386,0.000000,0.1600,0.0600,23,3,1
2016-05-27 00:00,0.335312,0.000000,0.1600,0.0600,0,4,1
2016-05-27 01:00,0.332981,0.000000,0.1600,0.0600,1,4,1
2016-05-27 02:00,0.360771,0.000000,0.1600,0.0600,2,4,1
2016-05-27 03:00,0.344464,0.000000,0.1600,0.0600,3,4,1
2016-05-27 04:00,0.352961,0.000202,0.1600,0.0600,4,4,1
2016-05-27 05:00,0.341783,0.011680,0.1600,0.0600,5,4,1
2016-05-27 06:00,0.321951,0.053065,0.1600,0.0600,6,4,1
2016-05-27 07:00,0.431788,0.105735,0.2200,0.0600,7,4,1
2016-05-27 08:00,0.463408,0.158168,0.2200,0.0600,8,4,1
2016-05-27 09:00,0.459075,0.203637,0.2200,0.0600,9,4,1
2016-05-27 10:00,0.478355,0.237607,0.2200,0.0600,10,4,1
2016-05-27 11:00,0.470031,0.257067,0.2200,0.0600,11,4,1
2016-05-27 12:00,0.498647,0.260383,0.2200,0.0600,12,4,1
2016-05-27 13:00,0.540856,0.247281,0.2200,0.0600,13,4,1
2016-05-27 14:00,0.539651,0.218849,0.2200,0.0600,14,4,1
2016-05-27 15:00,0.511628,0.177542,0.2200,0.0600,15,4,1
2016-05-27 16:00,0.472397,0.127246,0.2200,0.0600,16,4,1
2016-05-27 17:00,0.448231,0.073656,0.3400,0.0600,17,4,1
